732987,   20061107,   309,   0,   82,   191,   0,   65,
732987,   20061107,   153,   1,   102,   103,   -1,   75,
732988,   20061108,   336,   0,   74,   34,   0,   50,
732988,   20061108,   163,   1,   45,   29,   -1,   34,
732988,   20061108,   153,   1,   81,   309,   -1,   63,
732988,   20061108,   103,   0,   74,   191,   0,   73,
732989,   20061109,   45,   0,   98,   257,   0,   95,
732989,   20061109,   275,   1,   103,   7,   -1,   44,
732989,   20061109,   34,   0,   71,   29,   0,   58,
732989,   20061109,   163,   1,   86,   336,   -1,   61,
732990,   20061110,   123,   0,   86,   4,   0,   47,
732990,   20061110,   276,   1,   81,   220,   -1,   49,
732990,   20061110,   131,   0,   105,   233,   0,   50,
732990,   20061110,   146,   0,   68,   221,   0,   57,
732990,   20061110,   305,   0,   69,   214,   0,   66,
732990,   20061110,   183,   0,   73,   145,   0,   61,
732990,   20061110,   64,   0,   81,   77,   0,   77,
732990,   20061110,   322,   0,   71,   287,   0,   60,
732990,   20061110,   294,   0,   70,   75,   0,   60,
732990,   20061110,   209,   1,   54,   171,   -1,   40,
732990,   20061110,   134,   -1,   76,   319,   1,   70,
732990,   20061110,   46,   1,   70,   111,   -1,   39,
732990,   20061110,   267,   -1,   65,   52,   1,   59,
732990,   20061110,   8,   -1,   59,   84,   1,   54,
732990,   20061110,   185,   1,   92,   331,   -1,   88,
732990,   20061110,   25,   1,   86,   188,   -1,   47,
732990,   20061110,   93,   -1,   70,   26,   1,   57,
732990,   20061110,   324,   1,   50,   177,   -1,   42,
732990,   20061110,   16,   0,   80,   266,   0,   68,
732990,   20061110,   245,   0,   76,   35,   0,   69,
732990,   20061110,   272,   1,   83,   164,   -1,   52,
732990,   20061110,   56,   1,   53,   224,   -1,   46,
732990,   20061110,   215,   1,   63,   174,   -1,   46,
732990,   20061110,   252,   1,   55,   232,   -1,   52,
732990,   20061110,   98,   1,   97,   255,   -1,   37,
732990,   20061110,   61,   0,   90,   219,   0,   65,
732990,   20061110,   312,   1,   94,   57,   -1,   43,
732990,   20061110,   86,   1,   79,   237,   -1,   54,
732990,   20061110,   260,   1,   74,   197,   -1,   53,
732990,   20061110,   203,   1,   92,   122,   -1,   49,
732990,   20061110,   17,   1,   71,   282,   -1,   68,
732990,   20061110,   207,   1,   99,   195,   -1,   36,
732990,   20061110,   162,   1,   60,   41,   -1,   40,
732990,   20061110,   100,   1,   83,   80,   -1,   49,
732990,   20061110,   268,   1,   83,   258,   -1,   51,
732990,   20061110,   166,   1,   72,   176,   -1,   49,
732990,   20061110,   239,   0,   87,   178,   0,   84,
732990,   20061110,   168,   1,   101,   184,   -1,   80,
732990,   20061110,   206,   1,   107,   313,   -1,   69,
732990,   20061110,   101,   1,   90,   78,   -1,   75,
732990,   20061110,   14,   1,   92,   246,   -1,   52,
732990,   20061110,   31,   -1,   72,   38,   1,   69,
732990,   20061110,   326,   1,   72,   225,   -1,   60,
732990,   20061110,   3,   1,   96,   124,   -1,   65,
732990,   20061110,   32,   -1,   77,   283,   1,   37,
732990,   20061110,   202,   1,   88,   303,   -1,   71,
732990,   20061110,   256,   -1,   76,   302,   1,   73,
732990,   20061110,   48,   0,   83,   15,   0,   44,
732990,   20061110,   90,   1,   70,   235,   -1,   68,
732990,   20061110,   208,   1,   95,   85,   -1,   50,
732990,   20061110,   121,   1,   69,   290,   -1,   61,
732990,   20061110,   251,   0,   67,   289,   0,   63,
732990,   20061110,   304,   1,   69,   173,   -1,   37,
732990,   20061110,   1,   1,   81,   13,   -1,   45,
732990,   20061110,   279,   0,   64,   107,   0,   61,
732990,   20061110,   58,   -1,   64,   201,   1,   61,
732990,   20061110,   242,   1,   75,   241,   -1,   67,
732990,   20061110,   212,   1,   65,   218,   -1,   48,
732990,   20061110,   298,   1,   73,   106,   -1,   59,
732990,   20061110,   211,   1,   77,   136,   -1,   65,
732990,   20061110,   144,   1,   68,   210,   -1,   65,
732990,   20061110,   181,   -1,   91,   112,   1,   76,
732990,   20061110,   53,   1,   78,   68,   -1,   64,
732990,   20061110,   91,   1,   85,   318,   -1,   63,
732990,   20061110,   257,   0,   68,   7,   0,   59,
732990,   20061110,   275,   1,   92,   45,   -1,   66,
732991,   20061111,   19,   1,   81,   180,   -1,   42,
732991,   20061111,   92,   1,   88,   42,   -1,   69,
732991,   20061111,   160,   1,   73,   88,   -1,   50,
732991,   20061111,   334,   1,   79,   50,   -1,   46,
732991,   20061111,   97,   1,   69,   104,   -1,   59,
732991,   20061111,   129,   1,   70,   328,   -1,   60,
732991,   20061111,   105,   1,   75,   148,   -1,   71,
732991,   20061111,   51,   -1,   72,   99,   1,   66,
732991,   20061111,   65,   1,   78,   18,   -1,   62,
732991,   20061111,   278,   1,   79,   236,   -1,   64,
732991,   20061111,   320,   1,   91,   127,   -1,   82,
732991,   20061111,   77,   0,   76,   41,   0,   69,
732991,   20061111,   205,   1,   83,   150,   -1,   66,
732991,   20061111,   266,   0,   72,   184,   0,   69,
732991,   20061111,   264,   1,   67,   156,   -1,   56,
732991,   20061111,   194,   -1,   56,   149,   1,   55,
732991,   20061111,   333,   1,   94,   24,   -1,   79,
732991,   20061111,   96,   -1,   79,   49,   1,   74,
732991,   20061111,   167,   1,   90,   193,   -1,   55,
732991,   20061111,   43,   1,   88,   108,   -1,   82,
732991,   20061111,   265,   1,   92,   249,   -1,   72,
732991,   20061111,   152,   1,   82,   296,   -1,   80,
732991,   20061111,   162,   1,   78,   64,   -1,   68,
732991,   20061111,   209,   1,   69,   15,   -1,   61,
732991,   20061111,   219,   0,   94,   136,   0,   90,
732991,   20061111,   168,   1,   67,   16,   -1,   58,
732991,   20061111,   248,   1,   71,   238,   -1,   62,
732991,   20061111,   154,   1,   98,   63,   -1,   61,
732991,   20061111,   79,   1,   86,   175,   -1,   67,
732991,   20061111,   287,   0,   76,   225,   0,   63,
732991,   20061111,   211,   1,   84,   61,   -1,   73,
732991,   20061111,   48,   0,   77,   171,   0,   65,
732991,   20061111,   290,   0,   64,   75,   0,   55,
732991,   20061111,   6,   1,   55,   30,   -1,   49,
732991,   20061111,   140,   1,   73,   23,   -1,   59,
732991,   20061111,   46,   1,   67,   279,   -1,   49,
732991,   20061111,   35,   0,   56,   218,   0,   53,
732991,   20061111,   316,   -1,   96,   130,   1,   55,
732991,   20061111,   332,   -1,   57,   161,   1,   56,
732991,   20061111,   191,   1,   66,   126,   -1,   54,
732991,   20061111,   128,   1,   91,   179,   -1,   57,
732991,   20061111,   270,   1,   72,   40,   -1,   66,
732991,   20061111,   28,   1,   78,   69,   -1,   58,
732991,   20061111,   135,   1,   72,   286,   -1,   64,
732991,   20061111,   170,   1,   79,   280,   -1,   66,
732991,   20061111,   322,   -1,   74,   326,   1,   54,
732991,   20061111,   289,   0,   53,   318,   0,   41,
732991,   20061111,   121,   1,   68,   294,   -1,   40,
732991,   20061111,   107,   0,   81,   111,   0,   62,
732991,   20061111,   245,   -1,   65,   212,   1,   63,
732991,   20061111,   239,   -1,   74,   263,   1,   73,
732991,   20061111,   91,   1,   73,   251,   -1,   63,
732991,   20061111,   4,   0,   70,   233,   0,   66,
732991,   20061111,   221,   0,   73,   313,   0,   68,
732991,   20061111,   305,   0,   54,   258,   0,   52,
732991,   20061111,   131,   0,   81,   123,   0,   74,
732991,   20061111,   145,   0,   65,   197,   0,   50,
732991,   20061111,   268,   1,   78,   214,   -1,   60,
732991,   20061111,   260,   1,   72,   183,   -1,   49,
732991,   20061111,   206,   1,   87,   146,   -1,   75,
732992,   20061112,   217,   0,   86,   317,   0,   67,
732992,   20061112,   198,   -1,   90,   43,   1,   72,
732992,   20061112,   294,   0,   76,   290,   0,   64,
732992,   20061112,   64,   0,   91,   41,   0,   64,
732992,   20061112,   171,   0,   69,   15,   0,   67,
732992,   20061112,   245,   0,   63,   218,   0,   55,
732992,   20061112,   189,   1,   92,   62,   -1,   56,
732992,   20061112,   244,   1,   67,   125,   -1,   64,
732992,   20061112,   121,   1,   56,   75,   -1,   54,
732992,   20061112,   16,   0,   63,   184,   0,   49,
732992,   20061112,   162,   1,   80,   77,   -1,   51,
732992,   20061112,   322,   0,   84,   225,   0,   67,
732992,   20061112,   109,   1,   67,   84,   -1,   65,
732992,   20061112,   48,   -1,   74,   209,   1,   70,
732992,   20061112,   111,   0,   86,   279,   0,   81,
732992,   20061112,   212,   1,   78,   35,   -1,   65,
732992,   20061112,   330,   1,   72,   159,   -1,   48,
732992,   20061112,   163,   1,   73,   47,   -1,   41,
732992,   20061112,   250,   0,   57,   116,   0,   55,
732992,   20061112,   204,   1,   74,   325,   -1,   57,
732992,   20061112,   168,   1,   66,   266,   -1,   45,
732992,   20061112,   251,   0,   76,   318,   0,   58,
732992,   20061112,   94,   0,   116,   288,   0,   73,
732992,   20061112,   211,   1,   116,   219,   -1,   68,
732992,   20061112,   61,   0,   74,   136,   0,   68,
732992,   20061112,   287,   -1,   75,   326,   1,   60,
732992,   20061112,   311,   1,   93,   10,   -1,   90,
732992,   20061112,   46,   1,   63,   107,   -1,   51,
732992,   20061112,   153,   1,   93,   87,   -1,   54,
732992,   20061112,   200,   0,   68,   193,   0,   63,
732992,   20061112,   89,   1,   85,   155,   -1,   65,
732992,   20061112,   91,   1,   82,   289,   -1,   51,
732992,   20061112,   285,   -1,   64,   301,   1,   54,
732992,   20061112,   73,   1,   86,   55,   -1,   43,
732992,   20061112,   263,   1,   62,   178,   -1,   44,
732992,   20061112,   321,   1,   99,   216,   -1,   91,
732992,   20061112,   313,   0,   104,   233,   0,   89,
732992,   20061112,   221,   0,   56,   4,   0,   39,
732992,   20061112,   214,   0,   86,   258,   0,   56,
732992,   20061112,   146,   0,   77,   123,   0,   73,
732992,   20061112,   268,   1,   83,   305,   -1,   69,
732992,   20061112,   206,   1,   81,   131,   -1,   59,
732993,   20061113,   250,   0,   70,   155,   0,   54,
732993,   20061113,   70,   0,   57,   148,   0,   50,
732993,   20061113,   32,   1,   71,   203,   -1,   69,
732993,   20061113,   76,   1,   70,   81,   -1,   53,
732993,   20061113,   307,   -1,   75,   122,   1,   67,
732993,   20061113,   306,   -1,   75,   141,   1,   63,
732993,   20061113,   223,   1,   90,   180,   -1,   58,
732993,   20061113,   281,   1,   78,   104,   -1,   64,
732993,   20061113,   74,   1,   81,   336,   -1,   75,
732993,   20061113,   100,   1,   100,   124,   -1,   70,
732993,   20061113,   309,   -1,   77,   25,   1,   63,
732993,   20061113,   58,   1,   76,   267,   -1,   72,
732993,   20061113,   230,   1,   96,   88,   -1,   72,
732993,   20061113,   110,   -1,   102,   226,   1,   99,
732993,   20061113,   253,   1,   77,   31,   -1,   61,
732993,   20061113,   200,   0,   83,   216,   0,   58,
732993,   20061113,   215,   1,   69,   296,   -1,   56,
732993,   20061113,   89,   1,   73,   116,   -1,   59,
732993,   20061113,   138,   1,   67,   82,   -1,   64,
732993,   20061113,   169,   1,   85,   85,   -1,   70,
732993,   20061113,   115,   1,   80,   18,   -1,   35,
732993,   20061113,   165,   1,   63,   181,   -1,   49,
732993,   20061113,   167,   1,   61,   144,   -1,   37,
732993,   20061113,   151,   1,   59,   113,   -1,   56,
732993,   20061113,   12,   0,   81,   2,   0,   79,
732993,   20061113,   59,   1,   78,   176,   -1,   42,
732993,   20061113,   120,   1,   75,   47,   -1,   53,
732993,   20061113,   242,   -1,   88,   173,   1,   56,
732993,   20061113,   117,   0,   91,   134,   0,   66,
732993,   20061113,   272,   0,   78,   90,   0,   71,
732993,   20061113,   304,   1,   74,   172,   -1,   57,
732993,   20061113,   278,   1,   86,   95,   -1,   74,
732993,   20061113,   179,   -1,   75,   11,   1,   71,
732993,   20061113,   321,   1,   102,   193,   -1,   74,
732993,   20061113,   297,   -1,   88,   21,   1,   83,
732993,   20061113,   106,   1,   79,   57,   -1,   67,
732993,   20061113,   55,   0,   95,   288,   0,   90,
732993,   20061113,   73,   1,   72,   94,   -1,   48,
732994,   20061114,   116,   0,   67,   155,   0,   50,
732994,   20061114,   244,   1,   71,   159,   -1,   61,
732994,   20061114,   194,   1,   63,   229,   -1,   52,
732994,   20061114,   149,   1,   63,   319,   -1,   60,
732994,   20061114,   228,   1,   71,   79,   -1,   67,
732994,   20061114,   257,   1,   69,   39,   -1,   64,
732994,   20061114,   314,   -1,   61,   295,   1,   46,
732994,   20061114,   320,   -1,   86,   30,   1,   83,
732994,   20061114,   177,   1,   81,   127,   -1,   70,
732994,   20061114,   183,   0,   70,   29,   0,   47,
732994,   20061114,   150,   -1,   78,   66,   1,   62,
732994,   20061114,   316,   -1,   70,   98,   1,   67,
732994,   20061114,   86,   1,   86,   197,   -1,   40,
732994,   20061114,   26,   -1,   78,   105,   1,   74,
732994,   20061114,   261,   1,   63,   84,   -1,   47,
732994,   20061114,   196,   0,   103,   235,   0,   81,
732994,   20061114,   118,   1,   73,   317,   -1,   71,
732994,   20061114,   93,   1,   94,   63,   -1,   49,
732994,   20061114,   216,   0,   98,   193,   0,   83,
732994,   20061114,   8,   1,   97,   175,   -1,   84,
732994,   20061114,   222,   1,   96,   83,   -1,   71,
732994,   20061114,   89,   1,   59,   250,   -1,   52,
732994,   20061114,   160,   1,   96,   7,   -1,   57,
732994,   20061114,   217,   1,   67,   67,   -1,   50,
732994,   20061114,   145,   -1,   69,   156,   1,   56,
732994,   20061114,   283,   1,   78,   191,   -1,   64,
732994,   20061114,   201,   1,   49,   69,   -1,   39,
732994,   20061114,   270,   1,   59,   248,   -1,   53,
732994,   20061114,   166,   1,   69,   293,   -1,   54,
732994,   20061114,   40,   1,   91,   277,   -1,   85,
732994,   20061114,   1,   0,   69,   139,   0,   68,
732994,   20061114,   327,   1,   76,   45,   -1,   64,
732994,   20061114,   189,   1,   106,   53,   -1,   65,
732994,   20061114,   256,   -1,   74,   68,   1,   68,
732994,   20061114,   20,   0,   87,   54,   0,   82,
732994,   20061114,   190,   1,   76,   213,   -1,   74,
732994,   20061114,   329,   0,   57,   119,   0,   38,
732994,   20061114,   240,   -1,   89,   62,   1,   64,
732994,   20061114,   289,   1,   67,   252,   -1,   52,
732994,   20061114,   321,   1,   70,   200,   -1,   61,
732994,   20061114,   298,   1,   82,   78,   -1,   79,
732994,   20061114,   265,   1,   73,   241,   -1,   52,
732994,   20061114,   101,   1,   88,   227,   -1,   50,
732994,   20061114,   113,   0,   66,   148,   0,   57,
732994,   20061114,   203,   0,   92,   134,   0,   60,
732994,   20061114,   21,   1,   56,   90,   -1,   49,
732994,   20061114,   151,   1,   87,   70,   -1,   45,
732994,   20061114,   2,   0,   89,   95,   0,   61,
732994,   20061114,   32,   1,   60,   117,   -1,   55,
732994,   20061114,   272,   0,   87,   297,   0,   75,
732994,   20061114,   278,   1,   93,   12,   -1,   59,
732995,   20061115,   187,   -1,   75,   212,   1,   47,
732995,   20061115,   36,   1,   60,   304,   -1,   47,
732995,   20061115,   81,   1,   71,   44,   -1,   70,
732995,   20061115,   132,   1,   57,   161,   -1,   46,
732995,   20061115,   141,   -1,   65,   195,   1,   54,
732995,   20061115,   109,   1,   62,   103,   -1,   47,
732995,   20061115,   65,   1,   79,   184,   -1,   66,
732995,   20061115,   162,   1,   66,   326,   -1,   59,
732995,   20061115,   64,   1,   100,   114,   -1,   89,
732995,   20061115,   268,   1,   81,   199,   -1,   58,
732995,   20061115,   48,   1,   67,   92,   -1,   58,
732995,   20061115,   129,   -1,   55,   231,   1,   41,
732995,   20061115,   210,   -1,   78,   128,   1,   71,
732995,   20061115,   330,   1,   79,   325,   -1,   62,
732995,   20061115,   300,   -1,   83,   198,   1,   81,
732995,   20061115,   115,   1,   76,   124,   -1,   55,
732995,   20061115,   208,   1,   79,   202,   -1,   76,
732995,   20061115,   333,   1,   76,   172,   -1,   71,
732995,   20061115,   97,   -1,   86,   308,   1,   70,
732995,   20061115,   10,   1,   101,   179,   -1,   79,
732995,   20061115,   292,   1,   82,   33,   -1,   69,
732995,   20061115,   196,   0,   73,   329,   0,   66,
732995,   20061115,   139,   0,   86,   241,   0,   67,
732995,   20061115,   235,   0,   68,   119,   0,   61,
732995,   20061115,   1,   -1,   79,   265,   1,   45,
732995,   20061115,   227,   0,   70,   54,   0,   61,
732995,   20061115,   101,   1,   78,   20,   -1,   69,
732996,   20061116,   100,   1,   103,   99,   -1,   74,
732996,   20061116,   281,   1,   69,   237,   -1,   62,
732996,   20061116,   86,   1,   90,   125,   -1,   61,
732996,   20061116,   73,   1,   75,   296,   -1,   48,
732996,   20061116,   37,   1,   83,   50,   -1,   63,
732996,   20061116,   42,   1,   72,   47,   -1,   63,
732996,   20061116,   23,   -1,   74,   192,   1,   66,
732996,   20061116,   168,   1,   89,   138,   -1,   69,
732996,   20061116,   112,   -1,   74,   233,   1,   66,
732996,   20061116,   207,   1,   74,   137,   -1,   48,
732996,   20061116,   254,   1,   77,   279,   -1,   67,
732996,   20061116,   15,   1,   64,   27,   -1,   54,
732996,   20061116,   305,   1,   80,   288,   -1,   76,
732996,   20061116,   252,   -1,   80,   299,   1,   74,
732996,   20061116,   282,   0,   84,   226,   0,   78,
732996,   20061116,   158,   1,   111,   124,   -1,   69,
732996,   20061116,   153,   -1,   92,   260,   1,   60,
732996,   20061116,   163,   0,   63,   275,   0,   61,
732997,   20061117,   315,   0,   75,   225,   0,   72,
732997,   20061117,   154,   0,   65,   204,   0,   56,
732997,   20061117,   130,   0,   67,   264,   0,   60,
732997,   20061117,   217,   1,   78,   199,   -1,   52,
732997,   20061117,   166,   0,   70,   84,   0,   67,
732997,   20061117,   262,   0,   87,   142,   0,   65,
732997,   20061117,   55,   1,   73,   194,   -1,   60,
732997,   20061117,   206,   1,   74,   76,   -1,   45,
732997,   20061117,   132,   1,   79,   176,   -1,   56,
732997,   20061117,   228,   1,   61,   8,   -1,   50,
732997,   20061117,   6,   1,   87,   66,   -1,   67,
732997,   20061117,   136,   1,   90,   58,   -1,   71,
732997,   20061117,   162,   1,   82,   105,   -1,   50,
732997,   20061117,   209,   1,   70,   85,   -1,   55,
732997,   20061117,   230,   -1,   73,   152,   1,   69,
732997,   20061117,   253,   1,   82,   232,   -1,   69,
732997,   20061117,   93,   1,   74,   141,   -1,   60,
732997,   20061117,   267,   -1,   59,   215,   1,   51,
732997,   20061117,   48,   1,   79,   9,   -1,   49,
732997,   20061117,   160,   -1,   74,   82,   1,   69,
732997,   20061117,   165,   1,   70,   140,   -1,   54,
732997,   20061117,   208,   1,   86,   286,   -1,   65,
732997,   20061117,   56,   1,   88,   39,   -1,   59,
732997,   20061117,   278,   1,   85,   181,   -1,   81,
732997,   20061117,   115,   1,   85,   94,   -1,   50,
732997,   20061117,   117,   1,   73,   118,   -1,   66,
732997,   20061117,   185,   1,   63,   67,   -1,   43,
732997,   20061117,   320,   1,   73,   80,   -1,   48,
732997,   20061117,   147,   1,   96,   193,   -1,   42,
732997,   20061117,   276,   1,   94,   135,   -1,   60,
732997,   20061117,   251,   1,   70,   174,   -1,   55,
732997,   20061117,   69,   1,   71,   75,   -1,   41,
732997,   20061117,   223,   1,   82,   314,   -1,   57,
732997,   20061117,   161,   1,   52,   87,   -1,   33,
732997,   20061117,   31,   0,   77,   49,   0,   73,
732997,   20061117,   17,   1,   95,   318,   -1,   62,
732997,   20061117,   261,   -1,   81,   134,   1,   73,
732997,   20061117,   62,   -1,   74,   68,   1,   53,
732997,   20061117,   88,   1,   74,   7,   -1,   61,
732997,   20061117,   91,   -1,   86,   240,   1,   66,
732997,   20061117,   218,   1,   59,   173,   -1,   53,
732997,   20061117,   265,   1,   58,   201,   -1,   53,
732997,   20061117,   303,   0,   77,   40,   0,   71,
732997,   20061117,   242,   -1,   79,   298,   1,   76,
732997,   20061117,   144,   1,   71,   190,   -1,   69,
732997,   20061117,   211,   1,   85,   289,   -1,   42,
732997,   20061117,   322,   1,   67,   301,   -1,   44,
732997,   20061117,   3,   0,   71,   164,   0,   62,
732997,   20061117,   275,   -1,   77,   260,   1,   76,
732997,   20061117,   153,   0,   62,   163,   0,   60,
732997,   20061117,   120,   0,   78,   280,   0,   65,
732997,   20061117,   334,   0,   70,   306,   0,   67,
732997,   20061117,   310,   0,   81,   51,   0,   68,
732997,   20061117,   71,   0,   78,   246,   0,   51,
732998,   20061118,   41,   -1,   73,   188,   1,   66,
732998,   20061118,   143,   1,   100,   202,   -1,   87,
732998,   20061118,   133,   1,   66,   177,   -1,   60,
732998,   20061118,   156,   -1,   56,   103,   1,   49,
732998,   20061118,   16,   1,   62,   104,   -1,   53,
732998,   20061118,   83,   -1,   76,   247,   1,   71,
732998,   20061118,   329,   -1,   74,   167,   1,   63,
732998,   20061118,   229,   -1,   66,   26,   1,   60,
732998,   20061118,   219,   -1,   71,   11,   1,   67,
732998,   20061118,   52,   -1,   55,   63,   1,   43,
732998,   20061118,   204,   0,   67,   199,   0,   52,
732998,   20061118,   149,   1,   79,   108,   -1,   77,
732998,   20061118,   151,   1,   95,   77,   -1,   62,
732998,   20061118,   72,   -1,   59,   309,   1,   46,
732998,   20061118,   299,   1,   69,   263,   -1,   63,
732998,   20061118,   110,   1,   89,   171,   -1,   80,
732998,   20061118,   254,   1,   80,   5,   -1,   43,
732998,   20061118,   109,   1,   65,   249,   -1,   57,
732998,   20061118,   14,   1,   70,   248,   -1,   59,
732998,   20061118,   148,   -1,   79,   258,   1,   60,
732998,   20061118,   319,   -1,   82,   157,   1,   76,
732998,   20061118,   324,   1,   66,   38,   -1,   43,
732998,   20061118,   327,   -1,   72,   96,   1,   66,
732998,   20061118,   61,   1,   95,   216,   -1,   92,
732998,   20061118,   285,   1,   77,   277,   -1,   64,
732998,   20061118,   217,   1,   85,   154,   -1,   68,
732998,   20061118,   166,   0,   75,   39,   0,   61,
732998,   20061118,   262,   0,   82,   135,   0,   69,
732998,   20061118,   82,   1,   63,   49,   -1,   49,
732998,   20061118,   21,   -1,   67,   123,   1,   61,
732998,   20061118,   86,   1,   93,   44,   -1,   44,
732998,   20061118,   79,   -1,   72,   296,   1,   64,
732998,   20061118,   74,   1,   77,   295,   -1,   76,
732998,   20061118,   131,   1,   61,   70,   -1,   48,
732998,   20061118,   31,   0,   60,   160,   0,   57,
732998,   20061118,   307,   -1,   70,   192,   1,   58,
732998,   20061118,   239,   1,   86,   36,   -1,   79,
732998,   20061118,   29,   -1,   51,   222,   1,   41,
732998,   20061118,   291,   1,   73,   266,   -1,   60,
732998,   20061118,   129,   1,   101,   274,   -1,   79,
732998,   20061118,   56,   1,   74,   84,   -1,   49,
732998,   20061118,   250,   1,   53,   65,   -1,   48,
732998,   20061118,   270,   1,   97,   300,   -1,   89,
732998,   20061118,   331,   -1,   82,   126,   1,   80,
732998,   20061118,   283,   1,   75,   42,   -1,   69,
732998,   20061118,   276,   1,   75,   142,   -1,   59,
732998,   20061118,   198,   -1,   71,   227,   1,   69,
732998,   20061118,   186,   1,   73,   59,   -1,   61,
732998,   20061118,   284,   1,   66,   12,   -1,   60,
732998,   20061118,   1,   -1,   84,   53,   1,   46,
732998,   20061118,   333,   1,   93,   287,   -1,   87,
732998,   20061118,   33,   1,   84,   113,   -1,   78,
732998,   20061118,   24,   1,   77,   256,   -1,   68,
732998,   20061118,   243,   1,   83,   302,   -1,   72,
732998,   20061118,   187,   1,   82,   13,   -1,   63,
732998,   20061118,   323,   0,   66,   282,   0,   61,
732998,   20061118,   264,   0,   75,   194,   0,   57,
732998,   20061118,   280,   0,   75,   164,   0,   69,
732998,   20061118,   40,   0,   83,   246,   0,   51,
732998,   20061118,   55,   1,   63,   130,   -1,   51,
732998,   20061118,   225,   0,   77,   7,   0,   49,
732998,   20061118,   306,   0,   71,   51,   0,   59,
732998,   20061118,   88,   1,   62,   315,   -1,   60,
732998,   20061118,   303,   0,   92,   71,   0,   74,
732999,   20061119,   19,   1,   65,   220,   -1,   48,
732999,   20061119,   196,   1,   103,   95,   -1,   50,
732999,   20061119,   99,   1,   94,   318,   -1,   87,
732999,   20061119,   10,   1,   102,   190,   -1,   87,
732999,   20061119,   154,   0,   79,   199,   0,   56,
732999,   20061119,   261,   1,   63,   30,   -1,   53,
732999,   20061119,   183,   -1,   87,   267,   1,   76,
732999,   20061119,   121,   1,   57,   195,   -1,   49,
732999,   20061119,   117,   1,   90,   45,   -1,   69,
732999,   20061119,   50,   1,   70,   332,   -1,   63,
732999,   20061119,   49,   0,   78,   160,   0,   67,
732999,   20061119,   168,   1,   81,   64,   -1,   75,
732999,   20061119,   92,   -1,   63,   27,   1,   59,
732999,   20061119,   17,   1,   64,   81,   -1,   58,
732999,   20061119,   205,   1,   73,   335,   -1,   65,
732999,   20061119,   321,   1,   83,   62,   -1,   74,
732999,   20061119,   316,   1,   87,   273,   -1,   69,
732999,   20061119,   252,   1,   75,   138,   -1,   68,
732999,   20061119,   68,   1,   74,   180,   -1,   68,
732999,   20061119,   101,   1,   92,   301,   -1,   48,
732999,   20061119,   311,   1,   85,   175,   -1,   66,
732999,   20061119,   28,   1,   81,   114,   -1,   72,
732999,   20061119,   234,   1,   62,   178,   -1,   46,
732999,   20061119,   136,   1,   72,   235,   -1,   63,
732999,   20061119,   118,   -1,   67,   122,   1,   61,
732999,   20061119,   147,   1,   88,   294,   -1,   57,
732999,   20061119,   208,   1,   86,   236,   -1,   67,
732999,   20061119,   272,   1,   99,   57,   -1,   65,
732999,   20061119,   150,   1,   83,   85,   -1,   67,
732999,   20061119,   82,   1,   74,   31,   -1,   44,
732999,   20061119,   203,   1,   74,   47,   -1,   50,
732999,   20061119,   135,   0,   71,   142,   0,   68,
732999,   20061119,   170,   1,   77,   67,   -1,   54,
732999,   20061119,   89,   1,   69,   191,   -1,   50,
732999,   20061119,   218,   1,   76,   288,   -1,   72,
732999,   20061119,   330,   1,   92,   255,   -1,   39,
732999,   20061119,   115,   1,   84,   87,   -1,   63,
732999,   20061119,   217,   1,   66,   204,   -1,   55,
732999,   20061119,   200,   1,   69,   326,   -1,   58,
732999,   20061119,   84,   0,   46,   39,   0,   43,
732999,   20061119,   34,   1,   85,   169,   -1,   68,
732999,   20061119,   209,   -1,   75,   97,   1,   62,
732999,   20061119,   276,   1,   69,   262,   -1,   33,
732999,   20061119,   173,   -1,   72,   112,   1,   65,
732999,   20061119,   128,   1,   87,   281,   -1,   61,
732999,   20061119,   56,   1,   77,   166,   -1,   59,
732999,   20061119,   106,   1,   85,   212,   -1,   41,
732999,   20061119,   3,   0,   72,   120,   0,   60,
732999,   20061119,   334,   0,   71,   310,   0,   66,
732999,   20061119,   226,   0,   92,   40,   0,   82,
732999,   20061119,   282,   0,   80,   71,   0,   75,
732999,   20061119,   303,   0,   68,   323,   0,   55,
733000,   20061120,   158,   0,   77,   207,   0,   65,
733000,   20061120,   100,   0,   79,   223,   0,   61,
733000,   20061120,   259,   1,   76,   257,   -1,   54,
733000,   20061120,   228,   1,   83,   141,   -1,   72,
733000,   20061120,   37,   1,   100,   297,   -1,   94,
733000,   20061120,   317,   1,   69,   70,   -1,   67,
733000,   20061120,   328,   1,   77,   319,   -1,   53,
733000,   20061120,   182,   -1,   87,   74,   1,   82,
733000,   20061120,   23,   1,   66,   177,   -1,   59,
733000,   20061120,   8,   1,   81,   145,   -1,   74,
733000,   20061120,   20,   1,   74,   286,   -1,   50,
733000,   20061120,   269,   1,   71,   171,   -1,   54,
733000,   20061120,   206,   1,   82,   240,   -1,   60,
733000,   20061120,   153,   1,   71,   329,   -1,   60,
733000,   20061120,   146,   1,   69,   238,   -1,   55,
733000,   20061120,   15,   -1,   68,   279,   1,   63,
733000,   20061120,   211,   -1,   79,   227,   1,   73,
733000,   20061120,   116,   1,   66,   61,   -1,   44,
733000,   20061120,   132,   0,   87,   69,   0,   81,
733000,   20061120,   54,   1,   67,   24,   -1,   50,
733000,   20061120,   36,   1,   73,   243,   -1,   48,
733000,   20061120,   51,   0,   64,   164,   0,   56,
733000,   20061120,   280,   0,   60,   306,   0,   59,
733000,   20061120,   310,   0,   89,   120,   0,   60,
733000,   20061120,   73,   0,   71,   1,   0,   56,
733000,   20061120,   3,   0,   63,   334,   0,   56,
733000,   20061120,   151,   0,   87,   278,   0,   72,
733001,   20061121,   11,   1,   64,   241,   -1,   52,
733001,   20061121,   174,   1,   77,   81,   -1,   56,
733001,   20061121,   99,   1,   70,   5,   -1,   59,
733001,   20061121,   133,   1,   84,   111,   -1,   78,
733001,   20061121,   44,   -1,   70,   19,   1,   55,
733001,   20061121,   96,   -1,   55,   103,   1,   46,
733001,   20061121,   183,   1,   82,   157,   -1,   59,
733001,   20061121,   229,   -1,   77,   66,   1,   67,
733001,   20061121,   235,   1,   90,   6,   -1,   71,
733001,   20061121,   58,   -1,   65,   16,   1,   56,
733001,   20061121,   55,   1,   90,   140,   -1,   63,
733001,   20061121,   163,   1,   66,   309,   -1,   46,
733001,   20061121,   83,   -1,   72,   264,   1,   65,
733001,   20061121,   48,   1,   69,   167,   -1,   66,
733001,   20061121,   185,   1,   78,   307,   -1,   64,
733001,   20061121,   109,   -1,   82,   105,   1,   69,
733001,   20061121,   230,   1,   77,   188,   -1,   64,
733001,   20061121,   131,   1,   63,   271,   -1,   54,
733001,   20061121,   199,   1,   73,   26,   -1,   54,
733001,   20061121,   124,   -1,   71,   231,   1,   70,
733001,   20061121,   31,   1,   65,   119,   -1,   54,
733001,   20061121,   331,   -1,   91,   46,   1,   90,
733001,   20061121,   57,   1,   81,   318,   -1,   56,
733001,   20061121,   156,   1,   86,   134,   -1,   51,
733001,   20061121,   93,   -1,   69,   130,   1,   52,
733001,   20061121,   86,   1,   94,   220,   -1,   33,
733001,   20061121,   215,   1,   63,   30,   -1,   60,
733001,   20061121,   161,   1,   72,   114,   -1,   61,
733001,   20061121,   98,   1,   105,   232,   -1,   60,
733001,   20061121,   291,   1,   81,   22,   -1,   46,
733001,   20061121,   65,   1,   73,   335,   -1,   62,
733001,   20061121,   128,   1,   89,   273,   -1,   54,
733001,   20061121,   122,   -1,   97,   315,   1,   95,
733001,   20061121,   189,   1,   78,   129,   -1,   54,
733001,   20061121,   330,   1,   64,   67,   -1,   52,
733001,   20061121,   121,   -1,   68,   165,   1,   63,
733001,   20061121,   316,   1,   95,   281,   -1,   72,
733001,   20061121,   296,   -1,   79,   95,   1,   67,
733001,   20061121,   275,   1,   91,   193,   -1,   60,
733001,   20061121,   198,   1,   65,   284,   -1,   63,
733001,   20061121,   300,   1,   76,   285,   -1,   69,
733001,   20061121,   115,   1,   81,   244,   -1,   34,
733001,   20061121,   214,   1,   68,   72,   -1,   49,
733001,   20061121,   201,   1,   64,   29,   -1,   40,
733001,   20061121,   253,   1,   79,   88,   -1,   50,
733001,   20061121,   28,   1,   107,   87,   -1,   75,
733001,   20061121,   210,   1,   54,   293,   -1,   51,
733001,   20061121,   75,   1,   63,   325,   -1,   61,
733001,   20061121,   320,   1,   88,   308,   -1,   78,
733001,   20061121,   208,   1,   75,   255,   -1,   59,
733001,   20061121,   242,   -1,   89,   216,   1,   80,
733001,   20061121,   239,   1,   79,   290,   -1,   45,
733001,   20061121,   53,   -1,   60,   302,   1,   59,
733001,   20061121,   322,   1,   66,   113,   -1,   60,
733001,   20061121,   187,   1,   83,   289,   -1,   64,
733001,   20061121,   263,   1,   74,   270,   -1,   53,
733001,   20061121,   299,   1,   74,   47,   -1,   58,
733001,   20061121,   91,   1,   82,   13,   -1,   55,
733001,   20061121,   223,   0,   74,   207,   0,   71,
733001,   20061121,   100,   0,   92,   158,   0,   85,
733001,   20061121,   292,   0,   73,   132,   0,   68,
733001,   20061121,   1,   0,   67,   278,   0,   53,
733001,   20061121,   151,   0,   73,   73,   0,   62,
733002,   20061122,   10,   1,   86,   237,   -1,   57,
733002,   20061122,   60,   -1,   67,   301,   1,   63,
733002,   20061122,   224,   1,   71,   136,   -1,   55,
733002,   20061122,   249,   -1,   83,   63,   1,   69,
733002,   20061122,   154,   1,   63,   258,   -1,   49,
733002,   20061122,   221,   -1,   57,   149,   1,   45,
733002,   20061122,   268,   1,   79,   43,   -1,   67,
733002,   20061122,   162,   1,   65,   336,   -1,   56,
733002,   20061122,   38,   -1,   78,   52,   1,   73,
733002,   20061122,   127,   1,   89,   313,   -1,   87,
733002,   20061122,   311,   1,   81,   295,   -1,   64,
733002,   20061122,   85,   -1,   59,   197,   1,   44,
733002,   20061122,   222,   1,   73,   25,   -1,   64,
733002,   20061122,   204,   -1,   67,   74,   1,   53,
733002,   20061122,   97,   -1,   73,   84,   1,   60,
733002,   20061122,   250,   1,   99,   294,   -1,   66,
733002,   20061122,   176,   -1,   66,   39,   1,   64,
733002,   20061122,   142,   -1,   59,   155,   1,   50,
733002,   20061122,   12,   -1,   83,   277,   1,   77,
733002,   20061122,   166,   1,   86,   274,   -1,   77,
733002,   20061122,   326,   1,   75,   233,   -1,   58,
733002,   20061122,   45,   1,   86,   332,   -1,   70,
733002,   20061122,   287,   1,   92,   333,   -1,   71,
733002,   20061122,   181,   1,   60,   92,   -1,   58,
733002,   20061122,   110,   1,   96,   102,   -1,   61,
733002,   20061122,   191,   -1,   64,   135,   1,   62,
733002,   20061122,   1,   1,   83,   225,   -1,   59,
733002,   20061122,   256,   1,   67,   112,   -1,   50,
733002,   20061122,   33,   1,   79,   218,   -1,   50,
733002,   20061122,   36,   0,   72,   152,   0,   70,
733002,   20061122,   223,   0,   81,   69,   0,   73,
733002,   20061122,   158,   0,   80,   132,   0,   63,
733002,   20061122,   32,   0,   56,   272,   0,   44,
733002,   20061122,   101,   0,   82,   196,   0,   74,
733002,   20061122,   292,   0,   88,   100,   0,   73,
733002,   20061122,   213,   0,   71,   169,   0,   70,
733003,   20061123,   14,   0,   61,   234,   0,   53,
733003,   20061123,   150,   0,   63,   165,   0,   56,
733003,   20061123,   317,   0,   71,   312,   0,   68,
733003,   20061123,   106,   0,   80,   108,   0,   79,
733003,   20061123,   324,   0,   73,   172,   0,   56,
733004,   20061124,   170,   0,   66,   330,   0,   64,
733004,   20061124,   236,   0,   72,   81,   0,   61,
733004,   20061124,   67,   0,   65,   255,   0,   63,
733004,   20061124,   153,   1,   81,   107,   -1,   63,
733004,   20061124,   208,   0,   66,   17,   0,   65,
733004,   20061124,   273,   0,   60,   220,   0,   49,
733004,   20061124,   114,   0,   75,   87,   0,   57,
733004,   20061124,   212,   -1,   69,   180,   1,   67,
733004,   20061124,   281,   0,   56,   44,   0,   55,
733004,   20061124,   65,   0,   68,   143,   0,   64,
733004,   20061124,   28,   0,   101,   231,   0,   72,
733004,   20061124,   185,   1,   88,   95,   -1,   76,
733004,   20061124,   124,   0,   72,   244,   0,   71,
733004,   20061124,   48,   1,   74,   42,   -1,   50,
733004,   20061124,   217,   1,   88,   89,   -1,   66,
733004,   20061124,   98,   1,   80,   4,   -1,   36,
733004,   20061124,   206,   1,   91,   336,   -1,   57,
733004,   20061124,   128,   0,   64,   19,   0,   46,
733004,   20061124,   270,   1,   64,   102,   -1,   46,
733004,   20061124,   166,   1,   100,   193,   -1,   80,
733004,   20061124,   60,   -1,   91,   293,   1,   89,
733004,   20061124,   321,   1,   90,   78,   -1,   83,
733004,   20061124,   200,   1,   69,   233,   -1,   56,
733004,   20061124,   246,   1,   78,   290,   -1,   75,
733004,   20061124,   115,   0,   51,   161,   0,   49,
733004,   20061124,   33,   1,   80,   256,   -1,   61,
733004,   20061124,   299,   1,   79,   139,   -1,   61,
733004,   20061124,   86,   0,   101,   316,   0,   68,
733004,   20061124,   36,   0,   72,   106,   0,   56,
733004,   20061124,   14,   0,   73,   150,   0,   64,
733004,   20061124,   234,   0,   69,   165,   0,   53,
733004,   20061124,   196,   0,   101,   272,   0,   87,
733004,   20061124,   324,   0,   79,   317,   0,   54,
733004,   20061124,   108,   0,   73,   152,   0,   70,
733004,   20061124,   32,   0,   79,   101,   0,   71,
733004,   20061124,   312,   0,   77,   172,   0,   56,
733004,   20061124,   144,   0,   88,   213,   0,   85,
733005,   20061125,   209,   1,   69,   228,   -1,   52,
733005,   20061125,   310,   1,   70,   183,   -1,   61,
733005,   20061125,   334,   1,   86,   8,   -1,   68,
733005,   20061125,   276,   1,   74,   113,   -1,   44,
733005,   20061125,   129,   1,   68,   57,   -1,   57,
733005,   20061125,   105,   1,   83,   136,   -1,   75,
733005,   20061125,   247,   -1,   83,   175,   1,   63,
733005,   20061125,   30,   -1,   72,   335,   1,   57,
733005,   20061125,   104,   1,   60,   63,   -1,   50,
733005,   20061125,   127,   1,   78,   331,   -1,   74,
733005,   20061125,   27,   1,   65,   251,   -1,   64,
733005,   20061125,   16,   -1,   62,   29,   1,   54,
733005,   20061125,   201,   1,   40,   197,   -1,   39,
733005,   20061125,   163,   1,   71,   204,   -1,   53,
733005,   20061125,   162,   1,   66,   156,   -1,   54,
733005,   20061125,   320,   1,   88,   9,   -1,   78,
733005,   20061125,   25,   1,   86,   226,   -1,   68,
733005,   20061125,   262,   1,   81,   110,   -1,   78,
733005,   20061125,   109,   1,   66,   328,   -1,   57,
733005,   20061125,   267,   -1,   54,   55,   1,   41,
733005,   20061125,   309,   -1,   77,   319,   1,   69,
733005,   20061125,   59,   1,   58,   96,   -1,   56,
733005,   20061125,   160,   1,   98,   134,   -1,   66,
733005,   20061125,   278,   -1,   94,   305,   1,   77,
733005,   20061125,   12,   1,   58,   279,   -1,   56,
733005,   20061125,   181,   1,   85,   325,   -1,   73,
733005,   20061125,   229,   1,   70,   199,   -1,   69,
733005,   20061125,   23,   1,   57,   58,   -1,   56,
733005,   20061125,   88,   -1,   70,   130,   1,   68,
733005,   20061125,   265,   1,   82,   68,   -1,   39,
733005,   20061125,   322,   0,   65,   24,   0,   63,
733005,   20061125,   171,   1,   51,   264,   -1,   50,
733005,   20061125,   215,   1,   65,   261,   -1,   61,
733005,   20061125,   327,   -1,   57,   147,   1,   53,
733005,   20061125,   182,   1,   85,   74,   -1,   74,
733005,   20061125,   269,   -1,   82,   70,   1,   73,
733005,   20061125,   118,   1,   59,   283,   -1,   47,
733005,   20061125,   76,   -1,   73,   295,   1,   54,
733005,   20061125,   15,   1,   77,   18,   -1,   70,
733005,   20061125,   125,   1,   87,   232,   -1,   74,
733005,   20061125,   46,   1,   60,   34,   -1,   50,
733005,   20061125,   26,   -1,   74,   149,   1,   65,
733005,   20061125,   133,   -1,   69,   259,   1,   60,
733005,   20061125,   257,   -1,   60,   41,   1,   57,
733005,   20061125,   123,   -1,   70,   122,   1,   60,
733005,   20061125,   43,   1,   72,   99,   -1,   63,
733005,   20061125,   111,   1,   116,   313,   -1,   111,
733005,   20061125,   268,   -1,   81,   38,   1,   71,
733005,   20061125,   225,   1,   87,   37,   -1,   80,
733005,   20061125,   73,   1,   75,   64,   -1,   47,
733005,   20061125,   32,   1,   83,   131,   -1,   80,
733005,   20061125,   168,   1,   85,   248,   -1,   56,
733005,   20061125,   2,   -1,   63,   192,   1,   48,
733005,   20061125,   3,   1,   74,   286,   -1,   44,
733005,   20061125,   94,   1,   70,   318,   -1,   41,
733005,   20061125,   316,   0,   76,   19,   0,   66,
733005,   20061125,   306,   1,   74,   103,   -1,   51,
733005,   20061125,   146,   -1,   83,   84,   1,   72,
733005,   20061125,   116,   -1,   78,   260,   1,   65,
733005,   20061125,   202,   -1,   71,   191,   1,   67,
733005,   20061125,   304,   -1,   77,   315,   1,   75,
733005,   20061125,   178,   1,   53,   75,   -1,   50,
733005,   20061125,   302,   1,   80,   227,   -1,   64,
733005,   20061125,   198,   1,   95,   277,   -1,   77,
733005,   20061125,   308,   1,   81,   80,   -1,   70,
733005,   20061125,   284,   1,   91,   61,   -1,   70,
733005,   20061125,   282,   1,   86,   245,   -1,   84,
733005,   20061125,   154,   -1,   100,   126,   1,   69,
733005,   20061125,   303,   1,   77,   323,   -1,   68,
733005,   20061125,   11,   1,   67,   120,   -1,   64,
733005,   20061125,   239,   -1,   76,   242,   1,   72,
733005,   20061125,   187,   -1,   78,   243,   1,   70,
733005,   20061125,   62,   1,   100,   288,   -1,   77,
733005,   20061125,   289,   1,   68,   216,   -1,   66,
733005,   20061125,   128,   0,   82,   86,   0,   80,
733005,   20061125,   298,   1,   96,   240,   -1,   88,
733005,   20061125,   208,   0,   73,   170,   0,   70,
733005,   20061125,   87,   0,   74,   244,   0,   65,
733005,   20061125,   44,   0,   79,   220,   0,   66,
733005,   20061125,   330,   0,   77,   17,   0,   63,
733005,   20061125,   124,   0,   71,   114,   0,   68,
733005,   20061125,   169,   0,   79,   152,   0,   75,
733005,   20061125,   273,   0,   49,   281,   0,   47,
733005,   20061125,   179,   1,   104,   176,   -1,   77,
733005,   20061125,   236,   0,   62,   67,   0,   55,
733005,   20061125,   161,   0,   57,   231,   0,   44,
733005,   20061125,   81,   0,   66,   255,   0,   52,
733005,   20061125,   115,   0,   75,   28,   0,   71,
733005,   20061125,   106,   0,   71,   213,   0,   60,
733005,   20061125,   36,   0,   78,   144,   0,   70,
733006,   20061126,   90,   1,   76,   258,   -1,   49,
733006,   20061126,   49,   -1,   59,   66,   1,   53,
733006,   20061126,   230,   -1,   55,   148,   1,   43,
733006,   20061126,   51,   1,   91,   297,   -1,   70,
733006,   20061126,   212,   -1,   72,   173,   1,   63,
733006,   20061126,   188,   -1,   64,   224,   1,   59,
733006,   20061126,   311,   1,   104,   157,   -1,   63,
733006,   20061126,   101,   1,   76,   112,   -1,   51,
733006,   20061126,   301,   1,   64,   238,   -1,   49,
733006,   20061126,   333,   -1,   76,   53,   1,   73,
733006,   20061126,   56,   1,   86,   6,   -1,   55,
733006,   20061126,   222,   1,   86,   93,   -1,   67,
733006,   20061126,   35,   1,   72,   263,   -1,   59,
733006,   20061126,   274,   -1,   78,   326,   1,   68,
733006,   20061126,   172,   0,   72,   165,   0,   65,
733006,   20061126,   234,   0,   69,   312,   0,   64,
733006,   20061126,   150,   0,   89,   317,   0,   78,
733006,   20061126,   14,   0,   71,   324,   0,   64,
733007,   20061127,   5,   1,   63,   282,   -1,   56,
733007,   20061127,   276,   1,   75,   12,   -1,   35,
733007,   20061127,   94,   -1,   61,   159,   1,   59,
733007,   20061127,   249,   -1,   64,   194,   1,   40,
733007,   20061127,   111,   1,   75,   259,   -1,   69,
733007,   20061127,   268,   1,   72,   109,   -1,   64,
733007,   20061127,   296,   1,   77,   331,   -1,   54,
733007,   20061127,   52,   1,   78,   23,   -1,   70,
733007,   20061127,   8,   -1,   59,   177,   1,   46,
733007,   20061127,   9,   1,   84,   37,   -1,   71,
733007,   20061127,   185,   1,   74,   162,   -1,   67,
733007,   20061127,   96,   1,   65,   88,   -1,   39,
733007,   20061127,   261,   1,   55,   26,   -1,   39,
733007,   20061127,   31,   -1,   64,   271,   1,   62,
733007,   20061127,   156,   -1,   86,   175,   1,   72,
733007,   20061127,   253,   1,   77,   266,   -1,   72,
733007,   20061127,   252,   -1,   74,   47,   1,   59,
733007,   20061127,   291,   1,   99,   125,   -1,   62,
733007,   20061127,   203,   1,   93,   136,   -1,   87,
733007,   20061127,   229,   1,   89,   72,   -1,   81,
733007,   20061127,   97,   1,   69,   19,   -1,   54,
733007,   20061127,   164,   1,   64,   21,   -1,   57,
733007,   20061127,   285,   1,   74,   300,   -1,   73,
733007,   20061127,   186,   1,   71,   13,   -1,   42,
733007,   20061127,   233,   1,   84,   15,   -1,   78,
733007,   20061127,   168,   1,   98,   57,   -1,   77,
733007,   20061127,   20,   1,   90,   7,   -1,   59,
733007,   20061127,   247,   1,   80,   264,   -1,   60,
733007,   20061127,   272,   -1,   77,   293,   1,   67,
733007,   20061127,   82,   1,   65,   246,   -1,   45,
733007,   20061127,   151,   -1,   65,   307,   1,   62,
733007,   20061127,   256,   1,   73,   68,   -1,   63,
733007,   20061127,   138,   1,   62,   318,   -1,   46,
733007,   20061127,   219,   1,   69,   218,   -1,   53,
733007,   20061127,   243,   1,   71,   241,   -1,   53,
733007,   20061127,   240,   1,   82,   179,   -1,   73,
733007,   20061127,   78,   1,   110,   60,   -1,   100,
733008,   20061128,   11,   1,   66,   180,   -1,   51,
733008,   20061128,   221,   -1,   44,   134,   1,   42,
733008,   20061128,   132,   1,   77,   51,   -1,   61,
733008,   20061128,   76,   -1,   70,   127,   1,   66,
733008,   20061128,   154,   -1,   72,   244,   1,   49,
733008,   20061128,   195,   1,   74,   103,   -1,   72,
733008,   20061128,   157,   -1,   64,   267,   1,   58,
733008,   20061128,   65,   1,   67,   232,   -1,   55,
733008,   20061128,   183,   1,   79,   328,   -1,   63,
733008,   20061128,   214,   1,   80,   171,   -1,   66,
733008,   20061128,   16,   1,   79,   313,   -1,   72,
733008,   20061128,   153,   -1,   72,   115,   1,   66,
733008,   20061128,   325,   -1,   76,   83,   1,   67,
733008,   20061128,   104,   -1,   63,   58,   1,   61,
733008,   20061128,   29,   -1,   66,   319,   1,   61,
733008,   20061128,   86,   1,   83,   255,   -1,   27,
733008,   20061128,   306,   -1,   91,   80,   1,   49,
733008,   20061128,   226,   1,   85,   119,   -1,   60,
733008,   20061128,   38,   -1,   71,   336,   1,   59,
733008,   20061128,   330,   1,   81,   89,   -1,   66,
733008,   20061128,   184,   1,   71,   141,   -1,   59,
733008,   20061128,   260,   1,   64,   140,   -1,   46,
733008,   20061128,   222,   1,   81,   55,   -1,   55,
733008,   20061128,   237,   1,   80,   205,   -1,   66,
733008,   20061128,   128,   1,   83,   63,   -1,   32,
733008,   20061128,   275,   1,   90,   286,   -1,   50,
733008,   20061128,   3,   1,   75,   294,   -1,   61,
733008,   20061128,   316,   1,   69,   287,   -1,   54,
733008,   20061128,   114,   1,   74,   178,   -1,   68,
733008,   20061128,   100,   1,   77,   215,   -1,   73,
733008,   20061128,   17,   1,   92,   193,   -1,   87,
733008,   20061128,   92,   -1,   70,   308,   1,   62,
733008,   20061128,   284,   1,   75,   210,   -1,   57,
733008,   20061128,   124,   -1,   81,   245,   1,   73,
733008,   20061128,   202,   1,   89,   40,   -1,   86,
733008,   20061128,   189,   1,   79,   190,   -1,   76,
733008,   20061128,   73,   1,   54,   117,   -1,   51,
733008,   20061128,   201,   1,   61,   160,   -1,   59,
733008,   20061128,   292,   1,   88,   139,   -1,   58,
733008,   20061128,   10,   1,   89,   298,   -1,   75,
733008,   20061128,   299,   1,   63,   176,   -1,   39,
733008,   20061128,   265,   1,   84,   288,   -1,   72,
733009,   20061129,   334,   1,   68,   161,   -1,   53,
733009,   20061129,   321,   1,   87,   112,   -1,   66,
733009,   20061129,   109,   -1,   63,   335,   1,   58,
733009,   20061129,   52,   1,   80,   224,   -1,   71,
733009,   20061129,   41,   1,   77,   258,   -1,   64,
733009,   20061129,   30,   -1,   60,   259,   1,   56,
733009,   20061129,   225,   -1,   67,   228,   1,   50,
733009,   20061129,   192,   -1,   74,   257,   1,   63,
733009,   20061129,   314,   -1,   81,   331,   1,   75,
733009,   20061129,   25,   1,   65,   163,   -1,   58,
733009,   20061129,   312,   1,   69,   120,   -1,   65,
733009,   20061129,   105,   -1,   83,   188,   1,   81,
733009,   20061129,   49,   1,   66,   131,   -1,   59,
733009,   20061129,   34,   1,   76,   326,   -1,   61,
733009,   20061129,   271,   1,   77,   231,   -1,   54,
733009,   20061129,   297,   1,   67,   53,   -1,   55,
733009,   20061129,   70,   1,   72,   77,   -1,   52,
733009,   20061129,   203,   1,   90,   318,   -1,   45,
733009,   20061129,   8,   1,   75,   194,   -1,   50,
733009,   20061129,   211,   -1,   57,   97,   1,   50,
733009,   20061129,   56,   1,   89,   235,   -1,   46,
733009,   20061129,   152,   -1,   81,   174,   1,   80,
733009,   20061129,   223,   1,   61,   311,   -1,   59,
733009,   20061129,   108,   -1,   84,   249,   1,   80,
733009,   20061129,   145,   1,   75,   66,   -1,   63,
733009,   20061129,   217,   1,   67,   230,   -1,   53,
733009,   20061129,   150,   1,   84,   209,   -1,   71,
733009,   20061129,   72,   1,   57,   280,   -1,   52,
733009,   20061129,   116,   1,   86,   62,   -1,   69,
733009,   20061129,   303,   -1,   56,   233,   1,   50,
733009,   20061129,   278,   -1,   70,   270,   1,   60,
733009,   20061129,   208,   1,   95,   269,   -1,   73,
733009,   20061129,   234,   -1,   50,   142,   1,   36,
733009,   20061129,   147,   1,   91,   155,   -1,   57,
733009,   20061129,   46,   1,   68,   204,   -1,   61,
733009,   20061129,   262,   -1,   67,   146,   1,   64,
733009,   20061129,   110,   1,   101,   220,   -1,   54,
733009,   20061129,   200,   1,   70,   121,   -1,   57,
733009,   20061129,   167,   1,   78,   43,   -1,   69,
733009,   20061129,   82,   -1,   75,   279,   1,   57,
733009,   20061129,   158,   1,   86,   15,   -1,   60,
733009,   20061129,   20,   1,   95,   102,   -1,   69,
733009,   20061129,   187,   -1,   86,   293,   1,   74,
733009,   20061129,   327,   1,   85,   169,   -1,   55,
733009,   20061129,   186,   1,   76,   198,   -1,   57,
733009,   20061129,   32,   -1,   60,   307,   1,   47,
733009,   20061129,   59,   1,   74,   13,   -1,   39,
733009,   20061129,   122,   -1,   84,   246,   1,   65,
733009,   20061129,   277,   1,   77,   7,   -1,   71,
733009,   20061129,   302,   1,   67,   323,   -1,   55,
733009,   20061129,   1,   1,   94,   320,   -1,   58,
733009,   20061129,   54,   -1,   81,   68,   1,   73,
733009,   20061129,   196,   1,   98,   206,   -1,   89,
733009,   20061129,   256,   1,   68,   304,   -1,   60,
733009,   20061129,   148,   -1,   68,   177,   1,   65,
733009,   20061129,   274,   1,   86,   28,   -1,   84,
733009,   20061129,   24,   1,   72,   33,   -1,   68,
733009,   20061129,   45,   -1,   86,   305,   1,   82,
733009,   20061129,   48,   -1,   90,   165,   1,   68,
733009,   20061129,   91,   1,   80,   173,   -1,   41,
733009,   20061129,   144,   -1,   58,   242,   1,   55,
733009,   20061129,   243,   1,   68,   106,   -1,   59,
733009,   20061129,   322,   1,   62,   218,   -1,   50,
733009,   20061129,   239,   1,   79,   238,   -1,   76,
733009,   20061129,   263,   1,   78,   241,   -1,   60,
733009,   20061129,   36,   1,   78,   129,   -1,   48,
733009,   20061129,   213,   1,   79,   240,   -1,   72,
733010,   20061130,   166,   1,   85,   191,   -1,   77,
733010,   20061130,   90,   1,   70,   149,   -1,   66,
733010,   20061130,   99,   1,   70,   244,   -1,   60,
733010,   20061130,   103,   1,   71,   296,   -1,   64,
733010,   20061130,   104,   1,   64,   140,   -1,   49,
733010,   20061130,   310,   -1,   72,   267,   1,   44,
733010,   20061130,   81,   -1,   76,   159,   1,   70,
733010,   20061130,   42,   1,   84,   51,   -1,   80,
733010,   20061130,   171,   -1,   67,   229,   1,   66,
733010,   20061130,   101,   1,   69,   219,   -1,   51,
733010,   20061130,   164,   1,   65,   118,   -1,   58,
733010,   20061130,   17,   1,   81,   294,   -1,   60,
733010,   20061130,   254,   1,   94,   236,   -1,   86,
733010,   20061130,   40,   1,   69,   12,   -1,   59,
733010,   20061130,   170,   1,   89,   5,   -1,   49,
733010,   20061130,   266,   1,   61,   130,   -1,   56,
733010,   20061130,   21,   1,   87,   197,   -1,   32,
733010,   20061130,   168,   1,   86,   14,   -1,   64,
733010,   20061130,   138,   1,   73,   125,   -1,   61,
733011,   20061201,   190,   1,   80,   45,   -1,   74,
733011,   20061201,   58,   0,   99,   313,   0,   94,
733011,   20061201,   181,   0,   57,   221,   0,   50,
733011,   20061201,   57,   0,   69,   133,   0,   68,
733011,   20061201,   148,   -1,   68,   194,   1,   58,
733011,   20061201,   183,   -1,   61,   141,   1,   59,
733011,   20061201,   281,   1,   67,   309,   -1,   54,
733011,   20061201,   272,   1,   89,   178,   -1,   64,
733011,   20061201,   64,   1,   86,   80,   -1,   61,
733011,   20061201,   260,   1,   78,   156,   -1,   57,
733011,   20061201,   240,   0,   71,   245,   0,   56,
733011,   20061201,   284,   1,   78,   135,   -1,   64,
733011,   20061201,   243,   0,   71,   5,   0,   45,
733011,   20061201,   328,   1,   59,   126,   -1,   56,
733011,   20061201,   151,   1,   83,   202,   -1,   67,
733011,   20061201,   120,   1,   62,   285,   -1,   46,
733011,   20061201,   248,   -1,   73,   255,   1,   64,
733012,   20061202,   196,   1,   75,   132,   -1,   63,
733012,   20061202,   209,   1,   70,   127,   -1,   57,
733012,   20061202,   19,   1,   73,   118,   -1,   70,
733012,   20061202,   271,   1,   74,   139,   -1,   49,
733012,   20061202,   205,   1,   84,   152,   -1,   78,
733012,   20061202,   143,   1,   99,   62,   -1,   69,
733012,   20061202,   14,   1,   71,   169,   -1,   61,
733012,   20061202,   158,   1,   77,   149,   -1,   59,
733012,   20061202,   165,   1,   66,   11,   -1,   63,
733012,   20061202,   200,   -1,   57,   30,   1,   48,
733012,   20061202,   276,   1,   74,   213,   -1,   62,
733012,   20061202,   48,   -1,   74,   252,   1,   53,
733012,   20061202,   199,   1,   58,   297,   -1,   51,
733012,   20061202,   229,   -1,   79,   23,   1,   65,
733012,   20061202,   247,   1,   93,   263,   -1,   82,
733012,   20061202,   16,   -1,   63,   47,   1,   55,
733012,   20061202,   319,   1,   72,   335,   -1,   65,
733012,   20061202,   134,   -1,   72,   264,   1,   69,
733012,   20061202,   25,   -1,   84,   154,   1,   73,
733012,   20061202,   69,   1,   64,   128,   -1,   57,
733012,   20061202,   330,   1,   79,   88,   -1,   63,
733012,   20061202,   1,   1,   78,   122,   -1,   66,
733012,   20061202,   223,   1,   62,   67,   -1,   40,
733012,   20061202,   105,   -1,   76,   52,   1,   64,
733012,   20061202,   55,   1,   76,   235,   -1,   71,
733012,   20061202,   85,   1,   77,   195,   -1,   64,
733012,   20061202,   207,   1,   63,   270,   -1,   35,
733012,   20061202,   162,   1,   83,   331,   -1,   49,
733012,   20061202,   98,   -1,   87,   320,   1,   86,
733012,   20061202,   72,   -1,   72,   261,   1,   56,
733012,   20061202,   222,   1,   95,   226,   -1,   66,
733012,   20061202,   145,   1,   83,   177,   -1,   66,
733012,   20061202,   238,   -1,   67,   34,   1,   66,
733012,   20061202,   317,   1,   84,   239,   -1,   73,
733012,   20061202,   190,   1,   89,   240,   -1,   78,
733012,   20061202,   21,   1,   76,   125,   -1,   62,
733012,   20061202,   91,   -1,   74,   212,   1,   69,
733012,   20061202,   114,   1,   80,   336,   -1,   64,
733012,   20061202,   111,   0,   95,   103,   0,   84,
733012,   20061202,   167,   1,   96,   269,   -1,   72,
733012,   20061202,   329,   -1,   72,   182,   1,   62,
733012,   20061202,   40,   1,   84,   193,   -1,   71,
733012,   20061202,   147,   0,   74,   283,   0,   67,
733012,   20061202,   332,   1,   50,   70,   -1,   49,
733012,   20061202,   234,   1,   65,   262,   -1,   56,
733012,   20061202,   3,   1,   78,   273,   -1,   60,
733012,   20061202,   208,   1,   90,   216,   -1,   74,
733012,   20061202,   101,   0,   87,   275,   0,   77,
733012,   20061202,   108,   1,   62,   99,   -1,   59,
733012,   20061202,   295,   -1,   75,   92,   1,   67,
733012,   20061202,   140,   1,   70,   188,   -1,   62,
733012,   20061202,   155,   1,   61,   176,   -1,   44,
733012,   20061202,   215,   1,   80,   175,   -1,   71,
733012,   20061202,   204,   1,   76,   326,   -1,   70,
733012,   20061202,   20,   1,   89,   277,   -1,   64,
733012,   20061202,   231,   1,   75,   186,   -1,   73,
733012,   20061202,   146,   1,   71,   325,   -1,   52,
733012,   20061202,   87,   1,   83,   22,   -1,   73,
733012,   20061202,   287,   -1,   59,   46,   1,   57,
733012,   20061202,   159,   1,   84,   130,   -1,   77,
733012,   20061202,   138,   1,   68,   197,   -1,   54,
733012,   20061202,   254,   1,   61,   244,   -1,   45,
733012,   20061202,   54,   1,   84,   129,   -1,   83,
733012,   20061202,   9,   -1,   68,   51,   1,   57,
733012,   20061202,   298,   0,   93,   179,   0,   53,
733012,   20061202,   232,   1,   77,   184,   -1,   67,
733012,   20061202,   10,   0,   84,   115,   0,   72,
733012,   20061202,   81,   -1,   75,   266,   1,   61,
733012,   20061202,   29,   1,   80,   224,   -1,   74,
733012,   20061202,   84,   1,   68,   258,   -1,   64,
733012,   20061202,   136,   1,   55,   41,   -1,   52,
733012,   20061202,   150,   -1,   80,   228,   1,   73,
733012,   20061202,   26,   -1,   74,   257,   1,   46,
733012,   20061202,   65,   1,   69,   109,   -1,   53,
733012,   20061202,   83,   1,   85,   38,   -1,   83,
733012,   20061202,   334,   1,   95,   314,   -1,   61,
733012,   20061202,   73,   1,   61,   97,   -1,   52,
733012,   20061202,   310,   -1,   99,   214,   1,   89,
733012,   20061202,   137,   1,   64,   79,   -1,   56,
733012,   20061202,   230,   1,   73,   74,   -1,   72,
733012,   20061202,   327,   -1,   64,   268,   1,   61,
733012,   20061202,   249,   1,   76,   6,   -1,   75,
733012,   20061202,   31,   1,   74,   192,   -1,   62,
733012,   20061202,   94,   -1,   59,   318,   1,   49,
733012,   20061202,   306,   1,   102,   110,   -1,   84,
733012,   20061202,   316,   1,   78,   76,   -1,   55,
733012,   20061202,   174,   -1,   57,   315,   1,   56,
733012,   20061202,   116,   1,   86,   300,   -1,   61,
733012,   20061202,   206,   1,   78,   307,   -1,   58,
733012,   20061202,   117,   1,   74,   43,   -1,   57,
733012,   20061202,   32,   1,   70,   49,   -1,   45,
733012,   20061202,   308,   1,   98,   280,   -1,   93,
733012,   20061202,   245,   0,   59,   45,   0,   44,
733012,   20061202,   251,   1,   59,   237,   -1,   54,
733012,   20061202,   170,   1,   78,   243,   -1,   51,
733012,   20061202,   18,   1,   77,   274,   -1,   70,
733012,   20061202,   236,   -1,   81,   7,   1,   78,
733012,   20061202,   246,   1,   81,   279,   -1,   79,
733012,   20061202,   75,   1,   73,   15,   -1,   70,
733012,   20061202,   299,   1,   67,   144,   -1,   50,
733012,   20061202,   302,   1,   69,   322,   -1,   55,
733012,   20061202,   53,   1,   88,   180,   -1,   86,
733012,   20061202,   333,   0,   73,   173,   0,   62,
733012,   20061202,   303,   1,   83,   113,   -1,   46,
733012,   20061202,   60,   1,   76,   301,   -1,   67,
733012,   20061202,   33,   -1,   73,   323,   1,   69,
733012,   20061202,   293,   1,   65,   142,   -1,   60,
733012,   20061202,   242,   -1,   75,   218,   1,   67,
733012,   20061202,   219,   1,   71,   304,   -1,   69,
733012,   20061202,   288,   1,   66,   124,   -1,   58,
733012,   20061202,   256,   -1,   72,   112,   1,   50,
733012,   20061202,   126,   0,   87,   313,   0,   85,
733012,   20061202,   221,   0,   53,   202,   0,   51,
733012,   20061202,   133,   0,   64,   285,   0,   63,
733012,   20061202,   2,   -1,   61,   210,   1,   59,
733012,   20061202,   328,   1,   73,   58,   -1,   68,
733012,   20061202,   120,   1,   83,   57,   -1,   67,
733012,   20061202,   181,   -1,   64,   151,   1,   60,
733012,   20061202,   27,   1,   71,   282,   -1,   69,
733013,   20061203,   163,   1,   82,   28,   -1,   53,
733013,   20061203,   309,   -1,   57,   66,   1,   55,
733013,   20061203,   168,   1,   73,   82,   -1,   54,
733013,   20061203,   30,   -1,   60,   96,   1,   57,
733013,   20061203,   56,   1,   106,   286,   -1,   55,
733013,   20061203,   71,   -1,   80,   121,   1,   78,
733013,   20061203,   90,   1,   70,   119,   -1,   54,
733013,   20061203,   305,   1,   87,   189,   -1,   63,
733013,   20061203,   233,   -1,   67,   68,   1,   56,
733013,   20061203,   217,   -1,   74,   17,   1,   66,
733013,   20061203,   311,   1,   67,   185,   -1,   62,
733013,   20061203,   139,   -1,   57,   156,   1,   53,
733013,   20061203,   172,   1,   62,   24,   -1,   58,
733013,   20061203,   93,   1,   63,   312,   -1,   62,
733013,   20061203,   241,   1,   80,   35,   -1,   63,
733013,   20061203,   292,   1,   61,   290,   -1,   38,
733013,   20061203,   160,   1,   90,   100,   -1,   82,
733013,   20061203,   265,   0,   70,   278,   0,   59,
733013,   20061203,   203,   -1,   81,   153,   1,   74,
733013,   20061203,   61,   1,   102,   78,   -1,   98,
733013,   20061203,   89,   1,   70,   86,   -1,   66,
733013,   20061203,   187,   0,   77,   36,   0,   71,
733014,   20061204,   321,   1,   87,   256,   -1,   72,
733014,   20061204,   235,   1,   90,   335,   -1,   80,
733014,   20061204,   134,   -1,   76,   194,   1,   57,
733014,   20061204,   159,   1,   78,   42,   -1,   59,
733014,   20061204,   137,   1,   84,   259,   -1,   67,
733014,   20061204,   64,   -1,   66,   296,   1,   63,
733014,   20061204,   107,   1,   62,   80,   -1,   48,
733014,   20061204,   27,   1,   81,   15,   -1,   72,
733014,   20061204,   9,   -1,   56,   47,   1,   52,
733014,   20061204,   8,   1,   60,   141,   -1,   49,
733014,   20061204,   183,   1,   79,   111,   -1,   75,
733014,   20061204,   247,   1,   83,   171,   -1,   49,
733014,   20061204,   222,   1,   67,   84,   -1,   50,
733014,   20061204,   330,   1,   82,   329,   -1,   79,
733014,   20061204,   21,   1,   76,   123,   -1,   66,
733014,   20061204,   158,   1,   78,   152,   -1,   59,
733014,   20061204,   210,   1,   88,   135,   -1,   63,
733014,   20061204,   284,   1,   79,   124,   -1,   54,
733014,   20061204,   164,   1,   67,   273,   -1,   56,
733014,   20061204,   43,   1,   81,   295,   -1,   73,
733014,   20061204,   128,   1,   72,   299,   -1,   62,
733014,   20061204,   315,   1,   74,   300,   -1,   57,
733014,   20061204,   216,   -1,   78,   53,   1,   72,
733015,   20061205,   334,   1,   88,   70,   -1,   55,
733015,   20061205,   129,   1,   93,   49,   -1,   60,
733015,   20061205,   252,   1,   67,   51,   -1,   55,
733015,   20061205,   228,   -1,   56,   253,   1,   46,
733015,   20061205,   223,   1,   78,   146,   -1,   62,
733015,   20061205,   281,   -1,   73,   328,   1,   60,
733015,   20061205,   108,   -1,   73,   267,   1,   57,
733015,   20061205,   89,   -1,   82,   266,   1,   63,
733015,   20061205,   226,   1,   72,   29,   -1,   68,
733015,   20061205,   204,   -1,   66,   77,   1,   54,
733015,   20061205,   271,   1,   76,   317,   -1,   71,
733015,   20061205,   98,   1,   96,   95,   -1,   67,
733015,   20061205,   55,   1,   70,   319,   -1,   44,
733015,   20061205,   208,   0,   72,   268,   0,   68,
733015,   20061205,   297,   1,   59,   79,   -1,   44,
733015,   20061205,   260,   1,   59,   258,   -1,   42,
733015,   20061205,   93,   1,   79,   157,   -1,   56,
733015,   20061205,   97,   1,   89,   127,   -1,   53,
733015,   20061205,   48,   1,   90,   331,   -1,   66,
733015,   20061205,   72,   1,   80,   83,   -1,   58,
733015,   20061205,   308,   1,   104,   81,   -1,   62,
733015,   20061205,   304,   -1,   91,   169,   1,   79,
733015,   20061205,   132,   0,   79,   44,   0,   63,
733015,   20061205,   287,   1,   88,   165,   -1,   81,
733015,   20061205,   155,   -1,   60,   12,   1,   46,
733015,   20061205,   114,   -1,   71,   182,   1,   48,
733015,   20061205,   151,   1,   65,   67,   -1,   48,
733015,   20061205,   28,   1,   88,   332,   -1,   49,
733015,   20061205,   116,   1,   64,   161,   -1,   40,
733015,   20061205,   82,   1,   69,   307,   -1,   64,
733015,   20061205,   200,   -1,   57,   120,   1,   55,
733015,   20061205,   14,   1,   75,   34,   -1,   59,
733015,   20061205,   179,   1,   84,   240,   -1,   62,
733015,   20061205,   202,   1,   64,   255,   -1,   57,
733015,   20061205,   190,   1,   103,   189,   -1,   72,
733015,   20061205,   147,   1,   64,   276,   -1,   52,
733015,   20061205,   10,   0,   72,   143,   0,   65,
733015,   20061205,   323,   -1,   72,   218,   1,   56,
733015,   20061205,   322,   1,   77,   101,   -1,   67,
733015,   20061205,   292,   1,   78,   60,   -1,   54,
733015,   20061205,   298,   -1,   61,   106,   1,   58,
733016,   20061206,   16,   1,   60,   194,   -1,   40,
733016,   20061206,   117,   1,   92,   315,   -1,   40,
733016,   20061206,   41,   1,   63,   66,   -1,   60,
733016,   20061206,   163,   1,   80,   122,   -1,   43,
733016,   20061206,   107,   1,   59,   141,   -1,   57,
733016,   20061206,   205,   -1,   77,   257,   1,   72,
733016,   20061206,   8,   -1,   85,   111,   1,   75,
733016,   20061206,   310,   -1,   67,   207,   1,   51,
733016,   20061206,   73,   1,   57,   109,   -1,   45,
733016,   20061206,   324,   0,   71,   185,   0,   60,
733016,   20061206,   312,   1,   72,   209,   -1,   55,
733016,   20061206,   25,   1,   75,   84,   -1,   52,
733016,   20061206,   86,   1,   85,   222,   -1,   67,
733016,   20061206,   32,   1,   65,   19,   -1,   41,
733016,   20061206,   306,   -1,   75,   6,   1,   57,
733016,   20061206,   96,   -1,   62,   225,   1,   60,
733016,   20061206,   2,   -1,   90,   23,   1,   55,
733016,   20061206,   249,   1,   81,   192,   -1,   69,
733016,   20061206,   56,   1,   81,   199,   -1,   53,
733016,   20061206,   221,   1,   44,   136,   -1,   43,
733016,   20061206,   215,   1,   56,   104,   -1,   55,
733016,   20061206,   175,   1,   86,   57,   -1,   82,
733016,   20061206,   231,   1,   55,   188,   -1,   48,
733016,   20061206,   154,   -1,   56,   26,   1,   54,
733016,   20061206,   278,   -1,   66,   142,   1,   59,
733016,   20061206,   236,   1,   92,   144,   -1,   77,
733016,   20061206,   198,   -1,   76,   248,   1,   70,
733016,   20061206,   270,   -1,   62,   301,   1,   46,
733016,   20061206,   115,   1,   87,   123,   -1,   59,
733016,   20061206,   153,   1,   79,   90,   -1,   59,
733016,   20061206,   283,   1,   80,   31,   -1,   63,
733016,   20061206,   65,   1,   60,   59,   -1,   54,
733016,   20061206,   227,   1,   83,   135,   -1,   71,
733016,   20061206,   170,   1,   79,   326,   -1,   60,
733016,   20061206,   69,   1,   83,   45,   -1,   56,
733016,   20061206,   33,   1,   81,   241,   -1,   69,
733016,   20061206,   1,   1,   70,   285,   -1,   58,
733016,   20061206,   316,   -1,   81,   172,   1,   65,
733016,   20061206,   17,   1,   82,   251,   -1,   71,
733016,   20061206,   333,   1,   91,   68,   -1,   59,
733016,   20061206,   272,   1,   76,   158,   -1,   58,
733016,   20061206,   217,   1,   73,   74,   -1,   56,
733016,   20061206,   113,   1,   82,   112,   -1,   61,
733016,   20061206,   24,   1,   94,   173,   -1,   69,
733016,   20061206,   54,   1,   75,   180,   -1,   66,
733016,   20061206,   303,   1,   60,   302,   -1,   57,
733016,   20061206,   242,   1,   70,   91,   -1,   42,
733016,   20061206,   62,   1,   74,   213,   -1,   72,
733017,   20061207,   177,   1,   78,   224,   -1,   73,
733017,   20061207,   259,   -1,   54,   258,   1,   50,
733017,   20061207,   89,   -1,   87,   99,   1,   55,
733017,   20061207,   156,   -1,   78,   133,   1,   67,
733017,   20061207,   140,   -1,   74,   171,   1,   71,
733017,   20061207,   235,   1,   90,   230,   -1,   74,
733017,   20061207,   162,   -1,   62,   161,   1,   56,
733017,   20061207,   253,   -1,   63,   318,   1,   43,
733017,   20061207,   76,   1,   72,   178,   -1,   66,
733017,   20061207,   174,   1,   70,   18,   -1,   66,
733017,   20061207,   229,   1,   69,   119,   -1,   55,
733017,   20061207,   308,   1,   59,   138,   -1,   50,
733017,   20061207,   165,   1,   77,   233,   -1,   53,
733017,   20061207,   214,   -1,   79,   183,   1,   58,
733017,   20061207,   237,   -1,   54,   126,   1,   53,
733017,   20061207,   273,   1,   75,   246,   -1,   72,
733017,   20061207,   75,   -1,   74,   274,   1,   69,
733017,   20061207,   203,   1,   99,   3,   -1,   85,
733017,   20061207,   139,   1,   95,   216,   -1,   90,
733018,   20061208,   36,   1,   75,   45,   -1,   51,
733018,   20061208,   94,   0,   72,   182,   0,   70,
733018,   20061208,   328,   1,   61,   197,   -1,   44,
733018,   20061208,   264,   -1,   66,   145,   1,   55,
733018,   20061208,   143,   1,   74,   205,   -1,   71,
733018,   20061208,   149,   -1,   57,   84,   1,   54,
733018,   20061208,   150,   1,   80,   38,   -1,   69,
733018,   20061208,   238,   0,   78,   77,   0,   76,
733018,   20061208,   120,   1,   77,   121,   -1,   59,
733018,   20061208,   71,   1,   102,   282,   -1,   90,
733019,   20061209,   2,   1,   79,   318,   -1,   67,
733019,   20061209,   132,   1,   59,   117,   -1,   54,
733019,   20061209,   73,   1,   69,   96,   -1,   53,
733019,   20061209,   319,   1,   72,   230,   -1,   60,
733019,   20061209,   159,   -1,   105,   313,   1,   103,
733019,   20061209,   128,   0,   68,   280,   0,   58,
733019,   20061209,   12,   -1,   67,   165,   1,   66,
733019,   20061209,   247,   1,   69,   215,   -1,   59,
733019,   20061209,   160,   1,   79,   136,   -1,   58,
733019,   20061209,   158,   1,   82,   166,   -1,   70,
733019,   20061209,   97,   1,   73,   210,   -1,   58,
733019,   20061209,   249,   1,   87,   229,   -1,   79,
733019,   20061209,   335,   1,   70,   8,   -1,   53,
733019,   20061209,   262,   1,   71,   315,   -1,   61,
733019,   20061209,   330,   -1,   70,   151,   1,   66,
733019,   20061209,   278,   1,   98,   40,   -1,   64,
733019,   20061209,   131,   -1,   79,   122,   1,   69,
733019,   20061209,   223,   1,   79,   168,   -1,   62,
733019,   20061209,   226,   1,   85,   302,   -1,   84,
733019,   20061209,   39,   -1,   72,   27,   1,   58,
733019,   20061209,   206,   1,   78,   49,   -1,   57,
733019,   20061209,   162,   1,   70,   67,   -1,   43,
733019,   20061209,   115,   0,   71,   114,   0,   66,
733019,   20061209,   6,   1,   62,   29,   -1,   52,
733019,   20061209,   292,   0,   65,   276,   0,   62,
733019,   20061209,   212,   1,   72,   22,   -1,   49,
733019,   20061209,   101,   1,   97,   321,   -1,   77,
733019,   20061209,   211,   0,   68,   186,   0,   56,
733019,   20061209,   163,   0,   76,   33,   0,   61,
733019,   20061209,   198,   -1,   74,   193,   1,   71,
733019,   20061209,   185,   1,   74,   244,   -1,   53,
733019,   20061209,   82,   1,   69,   116,   -1,   41,
733019,   20061209,   18,   -1,   59,   76,   1,   57,
733019,   20061209,   287,   1,   58,   69,   -1,   57,
733019,   20061209,   83,   -1,   80,   224,   1,   75,
733019,   20061209,   235,   1,   103,   259,   -1,   91,
733019,   20061209,   111,   -1,   65,   157,   1,   63,
733019,   20061209,   296,   -1,   91,   92,   1,   86,
733019,   20061209,   105,   -1,   87,   140,   1,   79,
733019,   20061209,   46,   0,   80,   271,   0,   71,
733019,   20061209,   231,   -1,   53,   221,   1,   47,
733019,   20061209,   260,   -1,   86,   192,   1,   64,
733019,   20061209,   178,   -1,   70,   174,   1,   67,
733019,   20061209,   299,   0,   74,   93,   0,   65,
733019,   20061209,   144,   1,   73,   289,   -1,   65,
733019,   20061209,   308,   1,   73,   100,   -1,   64,
733019,   20061209,   327,   0,   83,   333,   0,   69,
733019,   20061209,   252,   -1,   64,   20,   1,   59,
733019,   20061209,   306,   -1,   68,   228,   1,   54,
733019,   20061209,   137,   1,   89,   141,   -1,   61,
733019,   20061209,   268,   1,   79,   52,   -1,   52,
733019,   20061209,   332,   -1,   59,   257,   1,   57,
733019,   20061209,   65,   1,   58,   102,   -1,   49,
733019,   20061209,   95,   1,   74,   314,   -1,   73,
733019,   20061209,   104,   -1,   76,   171,   1,   75,
733019,   20061209,   196,   1,   94,   107,   -1,   69,
733019,   20061209,   248,   1,   80,   293,   -1,   42,
733019,   20061209,   90,   -1,   77,   214,   1,   60,
733019,   20061209,   3,   1,   92,   5,   -1,   58,
733019,   20061209,   324,   -1,   85,   74,   1,   54,
733019,   20061209,   64,   1,   79,   43,   -1,   51,
733019,   20061209,   170,   -1,   78,   297,   1,   62,
733019,   20061209,   217,   -1,   70,   31,   1,   67,
733019,   20061209,   253,   -1,   65,   79,   1,   52,
733019,   20061209,   208,   0,   75,   19,   0,   56,
733019,   20061209,   143,   1,   74,   261,   -1,   64,
733019,   20061209,   118,   1,   72,   32,   -1,   64,
733019,   20061209,   72,   -1,   81,   310,   1,   76,
733019,   20061209,   291,   1,   87,   85,   -1,   65,
733019,   20061209,   222,   1,   94,   148,   -1,   79,
733019,   20061209,   129,   -1,   83,   181,   1,   81,
733019,   20061209,   154,   0,   79,   41,   0,   66,
733019,   20061209,   234,   -1,   75,   316,   1,   70,
733019,   20061209,   167,   1,   84,   251,   -1,   46,
733019,   20061209,   207,   1,   64,   57,   -1,   47,
733019,   20061209,   142,   1,   74,   255,   -1,   66,
733019,   20061209,   270,   1,   53,   283,   -1,   51,
733019,   20061209,   277,   1,   84,   285,   -1,   74,
733019,   20061209,   201,   1,   77,   317,   -1,   75,
733019,   20061209,   200,   1,   85,   169,   -1,   53,
733019,   20061209,   325,   1,   89,   34,   -1,   71,
733019,   20061209,   59,   1,   73,   334,   -1,   67,
733019,   20061209,   273,   1,   59,   75,   -1,   56,
733019,   20061209,   274,   1,   91,   246,   -1,   76,
733019,   20061209,   279,   -1,   70,   126,   1,   69,
733019,   20061209,   91,   -1,   82,   173,   1,   77,
733019,   20061209,   172,   1,   72,   290,   -1,   65,
733019,   20061209,   190,   1,   71,   305,   -1,   69,
733019,   20061209,   54,   -1,   72,   53,   1,   69,
733019,   20061209,   113,   1,   76,   288,   -1,   49,
733019,   20061209,   303,   -1,   69,   304,   1,   65,
733019,   20061209,   10,   -1,   69,   239,   1,   48,
733019,   20061209,   256,   1,   75,   323,   -1,   63,
733019,   20061209,   60,   -1,   83,   216,   1,   81,
733019,   20061209,   78,   -1,   87,   218,   1,   66,
733019,   20061209,   243,   -1,   67,   213,   1,   49,
733019,   20061209,   139,   1,   76,   62,   -1,   55,
733019,   20061209,   322,   -1,   66,   112,   1,   54,
733019,   20061209,   24,   -1,   84,   61,   1,   75,
733019,   20061209,   298,   -1,   58,   187,   1,   49,
733019,   20061209,   282,   0,   84,   182,   0,   81,
733019,   20061209,   45,   0,   72,   77,   0,   61,
733019,   20061209,   71,   1,   87,   94,   -1,   75,
733019,   20061209,   238,   -1,   72,   36,   1,   67,
733020,   20061210,   125,   1,   85,   50,   -1,   72,
733020,   20061210,   336,   -1,   68,   326,   1,   65,
733020,   20061210,   161,   1,   72,   204,   -1,   46,
733020,   20061210,   309,   1,   63,   119,   -1,   50,
733020,   20061210,   63,   -1,   74,   127,   1,   70,
733020,   20061210,   89,   1,   88,   245,   -1,   62,
733020,   20061210,   312,   1,   69,   9,   -1,   37,
733020,   20061210,   145,   -1,   77,   149,   1,   58,
733020,   20061210,   150,   -1,   89,   264,   1,   70,
733020,   20061210,   205,   0,   79,   261,   0,   72,
733020,   20061210,   172,   1,   87,   233,   -1,   47,
733020,   20061210,   180,   1,   74,   68,   -1,   59,
733020,   20061210,   84,   1,   75,   38,   -1,   64,
733020,   20061210,   219,   -1,   72,   241,   1,   63,
733020,   20061210,   25,   1,   73,   153,   -1,   62,
733020,   20061210,   275,   0,   76,   147,   0,   75,
733021,   20061211,   104,   -1,   66,   335,   1,   65,
733021,   20061211,   55,   -1,   75,   134,   1,   58,
733021,   20061211,   267,   -1,   65,   194,   1,   61,
733021,   20061211,   167,   -1,   70,   160,   1,   52,
733021,   20061211,   313,   1,   99,   232,   -1,   87,
733021,   20061211,   190,   1,   78,   13,   -1,   62,
733021,   20061211,   211,   1,   92,   22,   -1,   64,
733021,   20061211,   243,   1,   91,   78,   -1,   68,
733022,   20061212,   276,   1,   84,   90,   -1,   61,
733022,   20061212,   108,   1,   67,   258,   -1,   64,
733022,   20061212,   6,   -1,   79,   105,   1,   76,
733022,   20061212,   93,   1,   72,   156,   -1,   51,
733022,   20061212,   165,   1,   74,   291,   -1,   63,
733022,   20061212,   166,   1,   87,   294,   -1,   53,
733022,   20061212,   71,   1,   76,   289,   -1,   73,
733022,   20061212,   325,   1,   92,   45,   -1,   81,
733022,   20061212,   239,   1,   119,   37,   -1,   82,
733022,   20061212,   262,   -1,   67,   213,   1,   60,
733022,   20061212,   187,   1,   76,   263,   -1,   58,
733023,   20061213,   154,   -1,   72,   143,   1,   68,
733023,   20061213,   85,   1,   91,   282,   -1,   87,
733023,   20061213,   232,   1,   81,   50,   -1,   80,
733023,   20061213,   152,   1,   79,   332,   -1,   72,
733023,   20061213,   46,   1,   67,   334,   -1,   57,
733023,   20061213,   215,   1,   66,   140,   -1,   45,
733023,   20061213,   191,   1,   80,   293,   -1,   76,
733023,   20061213,   153,   1,   101,   169,   -1,   50,
733023,   20061213,   330,   1,   68,   326,   -1,   49,
733023,   20061213,   21,   -1,   72,   12,   1,   57,
733023,   20061213,   245,   -1,   70,   255,   1,   59,
733023,   20061213,   250,   1,   68,   220,   -1,   51,
733023,   20061213,   121,   1,   70,   244,   -1,   59,
733023,   20061213,   135,   1,   86,   33,   -1,   77,
733023,   20061213,   69,   1,   78,   320,   -1,   63,
733023,   20061213,   1,   1,   70,   195,   -1,   47,
733023,   20061213,   305,   1,   79,   13,   -1,   51,
733024,   20061214,   63,   1,   71,   267,   -1,   50,
733024,   20061214,   51,   1,   62,   44,   -1,   60,
733024,   20061214,   105,   -1,   72,   41,   1,   65,
733024,   20061214,   138,   1,   75,   193,   -1,   55,
733024,   20061214,   15,   1,   81,   68,   -1,   66,
733024,   20061214,   14,   1,   91,   204,   -1,   57,
733024,   20061214,   158,   1,   88,   18,   -1,   63,
733024,   20061214,   238,   1,   81,   37,   -1,   69,
733024,   20061214,   299,   1,   88,   22,   -1,   36,
733025,   20061215,   23,   1,   91,   140,   -1,   80,
733025,   20061215,   211,   1,   100,   78,   -1,   74,
733026,   20061216,   330,   1,   89,   217,   -1,   75,
733026,   20061216,   334,   1,   76,   11,   -1,   58,
733026,   20061216,   19,   1,   61,   307,   -1,   40,
733026,   20061216,   276,   1,   97,   125,   -1,   58,
733026,   20061216,   28,   0,   76,   121,   0,   66,
733026,   20061216,   32,   1,   68,   223,   -1,   65,
733026,   20061216,   267,   1,   82,   83,   -1,   58,
733026,   20061216,   132,   -1,   61,   143,   1,   49,
733026,   20061216,   17,   1,   86,   331,   -1,   76,
733026,   20061216,   69,   -1,   89,   226,   1,   81,
733026,   20061216,   133,   -1,   86,   41,   1,   73,
733026,   20061216,   6,   1,   71,   257,   -1,   56,
733026,   20061216,   271,   -1,   75,   281,   1,   70,
733026,   20061216,   311,   1,   91,   103,   -1,   69,
733026,   20061216,   196,   1,   93,   295,   -1,   62,
733026,   20061216,   162,   1,   67,   182,   -1,   52,
733026,   20061216,   317,   1,   65,   116,   -1,   57,
733026,   20061216,   151,   1,   68,   156,   -1,   46,
733026,   20061216,   192,   1,   78,   74,   -1,   74,
733026,   20061216,   231,   1,   66,   119,   -1,   51,
733026,   20061216,   278,   0,   71,   14,   0,   56,
733026,   20061216,   191,   1,   97,   198,   -1,   93,
733026,   20061216,   189,   1,   86,   184,   -1,   78,
733026,   20061216,   302,   1,   77,   35,   -1,   58,
733026,   20061216,   333,   1,   69,   135,   -1,   64,
733026,   20061216,   167,   1,   89,   155,   -1,   63,
733026,   20061216,   30,   -1,   70,   58,   1,   66,
733026,   20061216,   9,   1,   87,   94,   -1,   84,
733026,   20061216,   185,   1,   80,   177,   -1,   65,
733026,   20061216,   206,   0,   72,   46,   0,   50,
733026,   20061216,   245,   -1,   69,   215,   1,   66,
733026,   20061216,   275,   1,   96,   277,   -1,   70,
733026,   20061216,   272,   1,   93,   316,   -1,   79,
733026,   20061216,   250,   -1,   68,   40,   1,   40,
733026,   20061216,   160,   1,   89,   266,   -1,   64,
733026,   20061216,   221,   1,   61,   152,   -1,   45,
733026,   20061216,   324,   1,   76,   244,   -1,   41,
733026,   20061216,   114,   1,   86,   2,   -1,   80,
733026,   20061216,   38,   -1,   75,   70,   1,   72,
733026,   20061216,   322,   1,   69,   61,   -1,   50,
733026,   20061216,   27,   -1,   59,   332,   1,   56,
733026,   20061216,   98,   0,   96,   101,   0,   83,
733026,   20061216,   243,   -1,   62,   265,   1,   46,
733026,   20061216,   33,   1,   75,   303,   -1,   62,
733026,   20061216,   166,   -1,   82,   251,   1,   72,
733026,   20061216,   259,   1,   70,   137,   -1,   56,
733026,   20061216,   123,   1,   74,   122,   -1,   57,
733026,   20061216,   268,   1,   94,   20,   -1,   71,
733026,   20061216,   230,   1,   79,   336,   -1,   78,
733026,   20061216,   44,   1,   76,   210,   -1,   72,
733026,   20061216,   107,   1,   65,   95,   -1,   51,
733026,   20061216,   163,   1,   69,   45,   -1,   61,
733026,   20061216,   209,   1,   74,   232,   -1,   57,
733026,   20061216,   280,   1,   77,   297,   -1,   74,
733026,   20061216,   203,   1,   94,   80,   -1,   63,
733026,   20061216,   238,   1,   81,   92,   -1,   70,
733026,   20061216,   284,   1,   83,   220,   -1,   54,
733026,   20061216,   97,   1,   76,   318,   -1,   32,
733026,   20061216,   306,   1,   53,   287,   -1,   44,
733026,   20061216,   292,   1,   74,   204,   -1,   53,
733026,   20061216,   169,   1,   80,   39,   -1,   68,
733026,   20061216,   99,   -1,   64,   5,   1,   56,
733026,   20061216,   65,   1,   66,   314,   -1,   55,
733026,   20061216,   181,   1,   79,   112,   -1,   59,
733026,   20061216,   207,   1,   89,   300,   -1,   60,
733026,   20061216,   255,   1,   62,   142,   -1,   47,
733026,   20061216,   12,   1,   73,   68,   -1,   47,
733026,   20061216,   262,   1,   77,   279,   -1,   53,
733026,   20061216,   146,   1,   76,   200,   -1,   67,
733026,   20061216,   308,   1,   76,   193,   -1,   40,
733026,   20061216,   82,   1,   80,   138,   -1,   73,
733026,   20061216,   325,   1,   80,   233,   -1,   48,
733026,   20061216,   170,   1,   80,   118,   -1,   60,
733026,   20061216,   71,   1,   75,   120,   -1,   59,
733026,   20061216,   3,   0,   77,   254,   0,   64,
733026,   20061216,   24,   1,   99,   62,   -1,   66,
733026,   20061216,   304,   -1,   60,   173,   1,   53,
733026,   20061216,   60,   1,   94,   22,   -1,   65,
733026,   20061216,   323,   1,   68,   218,   -1,   51,
733026,   20061216,   190,   -1,   68,   305,   1,   62,
733026,   20061216,   91,   1,   69,   59,   -1,   54,
733026,   20061216,   321,   1,   105,   219,   -1,   73,
733026,   20061216,   216,   1,   101,   179,   -1,   86,
733026,   20061216,   239,   1,   74,   144,   -1,   63,
733026,   20061216,   187,   1,   60,   213,   -1,   53,
733026,   20061216,   289,   1,   70,   236,   -1,   62,
733026,   20061216,   106,   1,   89,   202,   -1,   78,
733027,   20061217,   25,   1,   101,   235,   -1,   68,
733027,   20061217,   129,   1,   82,   130,   -1,   54,
733027,   20061217,   10,   1,   87,   110,   -1,   62,
733027,   20061217,   104,   1,   58,   258,   -1,   52,
733027,   20061217,   56,   1,   89,   263,   -1,   73,
733027,   20061217,   88,   -1,   67,   282,   1,   64,
733027,   20061217,   34,   1,   78,   49,   -1,   76,
733027,   20061217,   186,   1,   82,   4,   -1,   55,
733027,   20061217,   147,   -1,   60,   212,   1,   53,
733027,   20061217,   105,   -1,   84,   309,   1,   76,
733027,   20061217,   327,   1,   102,   157,   -1,   46,
733027,   20061217,   242,   -1,   74,   240,   1,   69,
733027,   20061217,   139,   -1,   76,   241,   1,   67,
733027,   20061217,   299,   1,   70,   42,   -1,   58,
733027,   20061217,   294,   -1,   67,   164,   1,   65,
733027,   20061217,   115,   1,   77,   21,   -1,   51,
733027,   20061217,   15,   -1,   73,   293,   1,   63,
733027,   20061217,   312,   1,   63,   320,   -1,   60,
733027,   20061217,   126,   -1,   70,   246,   1,   67,
733027,   20061217,   86,   0,   72,   87,   0,   57,
733027,   20061217,   211,   1,   84,   113,   -1,   55,
733027,   20061217,   189,   1,   79,   141,   -1,   60,
733027,   20061217,   253,   0,   87,   195,   0,   56,
733027,   20061217,   117,   1,   57,   234,   -1,   47,
733027,   20061217,   298,   1,   67,   269,   -1,   57,
733028,   20061218,   176,   1,   76,   155,   -1,   45,
733028,   20061218,   314,   1,   82,   47,   -1,   63,
733028,   20061218,   37,   1,   101,   225,   -1,   88,
733028,   20061218,   23,   -1,   79,   197,   1,   61,
733028,   20061218,   329,   1,   74,   177,   -1,   59,
733028,   20061218,   89,   1,   81,   107,   -1,   64,
733028,   20061218,   100,   1,   92,   40,   -1,   52,
733028,   20061218,   31,   1,   72,   137,   -1,   66,
733028,   20061218,   209,   1,   56,   287,   -1,   42,
733028,   20061218,   199,   1,   51,   188,   -1,   41,
733028,   20061218,   175,   1,   76,   79,   -1,   70,
733028,   20061218,   64,   -1,   92,   44,   1,   80,
733028,   20061218,   63,   1,   56,   224,   -1,   53,
733028,   20061218,   82,   -1,   80,   18,   1,   75,
733028,   20061218,   269,   0,   69,   253,   0,   63,
733028,   20061218,   285,   1,   46,   248,   -1,   44,
733028,   20061218,   270,   1,   73,   13,   -1,   57,
733028,   20061218,   272,   0,   79,   208,   0,   77,
733028,   20061218,   262,   1,   51,   170,   -1,   50,
733028,   20061218,   167,   1,   74,   5,   -1,   59,
733028,   20061218,   51,   -1,   70,   50,   1,   49,
733028,   20061218,   174,   -1,   56,   279,   1,   55,
733028,   20061218,   76,   -1,   73,   75,   1,   57,
733028,   20061218,   54,   1,   82,   181,   -1,   80,
733028,   20061218,   300,   -1,   78,   290,   1,   77,
733028,   20061218,   298,   1,   103,   195,   -1,   56,
733029,   20061219,   212,   1,   84,   111,   -1,   67,
733029,   20061219,   81,   1,   73,   295,   -1,   65,
733029,   20061219,   98,   1,   93,   125,   -1,   77,
733029,   20061219,   132,   1,   74,   243,   -1,   60,
733029,   20061219,   163,   1,   67,   21,   -1,   58,
733029,   20061219,   2,   1,   79,   259,   -1,   44,
733029,   20061219,   72,   -1,   84,   268,   1,   79,
733029,   20061219,   223,   1,   95,   319,   -1,   56,
733029,   20061219,   336,   -1,   78,   127,   1,   58,
733029,   20061219,   269,   0,   98,   195,   0,   82,
733029,   20061219,   27,   1,   63,   180,   -1,   53,
733029,   20061219,   73,   1,   79,   131,   -1,   72,
733029,   20061219,   196,   1,   105,   85,   -1,   52,
733029,   20061219,   320,   1,   92,   95,   -1,   60,
733029,   20061219,   280,   1,   73,   70,   -1,   63,
733029,   20061219,   332,   1,   63,   150,   -1,   53,
733029,   20061219,   261,   1,   55,   263,   -1,   51,
733029,   20061219,   271,   -1,   75,   19,   1,   70,
733029,   20061219,   203,   1,   86,   218,   -1,   69,
733029,   20061219,   48,   1,   72,   94,   -1,   60,
733029,   20061219,   45,   -1,   82,   49,   1,   77,
733029,   20061219,   192,   -1,   79,   119,   1,   58,
733029,   20061219,   222,   1,   77,   109,   -1,   68,
733029,   20061219,   17,   1,   86,   273,   -1,   59,
733029,   20061219,   233,   -1,   79,   169,   1,   71,
733029,   20061219,   129,   1,   79,   157,   -1,   58,
733029,   20061219,   198,   -1,   86,   316,   1,   85,
733029,   20061219,   206,   1,   75,   121,   -1,   56,
733029,   20061219,   166,   1,   77,   114,   -1,   64,
733029,   20061219,   151,   1,   80,   204,   -1,   62,
733029,   20061219,   128,   1,   94,   318,   -1,   43,
733029,   20061219,   327,   1,   74,   130,   -1,   65,
733029,   20061219,   28,   1,   82,   146,   -1,   73,
733029,   20061219,   210,   1,   69,   172,   -1,   58,
733029,   20061219,   237,   -1,   65,   246,   1,   64,
733029,   20061219,   178,   1,   72,   126,   -1,   71,
733029,   20061219,   11,   1,   52,   52,   -1,   36,
733029,   20061219,   189,   1,   76,   42,   -1,   69,
733029,   20061219,   115,   0,   73,   168,   0,   70,
733029,   20061219,   113,   1,   76,   304,   -1,   62,
733029,   20061219,   323,   1,   59,   256,   -1,   57,
733029,   20061219,   305,   1,   108,   277,   -1,   60,
733029,   20061219,   265,   -1,   69,   91,   1,   67,
733029,   20061219,   219,   1,   93,   288,   -1,   61,
733029,   20061219,   35,   1,   82,   179,   -1,   60,
733029,   20061219,   144,   1,   84,   24,   -1,   82,
733029,   20061219,   292,   1,   75,   236,   -1,   61,
733029,   20061219,   299,   1,   83,   141,   -1,   53,
733029,   20061219,   298,   1,   74,   253,   -1,   59,
733029,   20061219,   36,   1,   84,   92,   -1,   50,
733029,   20061219,   274,   0,   66,   201,   0,   65,
733029,   20061219,   291,   0,   67,   302,   0,   61,
733029,   20061219,   9,   0,   80,   311,   0,   69,
733030,   20061220,   30,   -1,   68,   334,   1,   67,
733030,   20061220,   176,   1,   66,   39,   -1,   51,
733030,   20061220,   10,   1,   79,   158,   -1,   71,
733030,   20061220,   3,   -1,   82,   185,   1,   75,
733030,   20061220,   56,   1,   88,   216,   -1,   66,
733030,   20061220,   313,   -1,   93,   228,   1,   84,
733030,   20061220,   103,   -1,   89,   257,   1,   74,
733030,   20061220,   133,   1,   102,   175,   -1,   76,
733030,   20061220,   65,   1,   56,   161,   -1,   54,
733030,   20061220,   230,   -1,   81,   38,   1,   77,
733030,   20061220,   235,   -1,   95,   105,   1,   75,
733030,   20061220,   80,   1,   79,   331,   -1,   69,
733030,   20061220,   87,   -1,   66,   197,   1,   65,
733030,   20061220,   117,   1,   77,   317,   -1,   69,
733030,   20061220,   252,   1,   54,   221,   -1,   48,
733030,   20061220,   86,   1,   88,   266,   -1,   67,
733030,   20061220,   324,   1,   63,   47,   -1,   36,
733030,   20061220,   310,   1,   108,   229,   -1,   61,
733030,   20061220,   143,   1,   71,   244,   -1,   45,
733030,   20061220,   97,   1,   69,   281,   -1,   41,
733030,   20061220,   306,   1,   79,   66,   -1,   60,
733030,   20061220,   23,   -1,   79,   160,   1,   74,
733030,   20061220,   18,   1,   64,   164,   -1,   63,
733030,   20061220,   286,   1,   95,   300,   -1,   81,
733030,   20061220,   285,   1,   69,   301,   -1,   64,
733030,   20061220,   120,   1,   101,   99,   -1,   59,
733030,   20061220,   135,   1,   74,   182,   -1,   53,
733030,   20061220,   227,   1,   82,   220,   -1,   65,
733030,   20061220,   234,   1,   74,   34,   -1,   61,
733030,   20061220,   76,   -1,   82,   279,   1,   69,
733030,   20061220,   69,   1,   65,   289,   -1,   53,
733030,   20061220,   174,   -1,   71,   75,   1,   63,
733030,   20061220,   275,   1,   80,   14,   -1,   76,
733030,   20061220,   186,   0,   73,   333,   0,   58,
733030,   20061220,   60,   1,   85,   293,   -1,   49,
733030,   20061220,   321,   1,   88,   147,   -1,   72,
733030,   20061220,   106,   1,   89,   240,   -1,   85,
733030,   20061220,   9,   0,   75,   291,   0,   64,
733030,   20061220,   302,   0,   94,   311,   0,   70,
733030,   20061220,   308,   0,   75,   274,   0,   62,
733031,   20061221,   77,   1,   71,   180,   -1,   61,
733031,   20061221,   11,   1,   71,   184,   -1,   66,
733031,   20061221,   207,   0,   58,   284,   0,   48,
733031,   20061221,   138,   -1,   66,   137,   1,   61,
733031,   20061221,   312,   0,   80,   247,   0,   61,
733031,   20061221,   81,   1,   71,   225,   -1,   51,
733031,   20061221,   232,   1,   79,   295,   -1,   77,
733031,   20061221,   309,   1,   73,   63,   -1,   62,
733031,   20061221,   51,   -1,   82,   314,   1,   75,
733031,   20061221,   258,   1,   76,   149,   -1,   73,
733031,   20061221,   296,   1,   79,   264,   -1,   58,
733031,   20061221,   329,   -1,   69,   79,   1,   50,
733031,   20061221,   89,   1,   78,   50,   -1,   65,
733031,   20061221,   214,   1,   90,   114,   -1,   78,
733031,   20061221,   332,   1,   63,   45,   -1,   62,
733031,   20061221,   67,   -1,   65,   31,   1,   62,
733031,   20061221,   96,   -1,   58,   109,   1,   46,
733031,   20061221,   208,   0,   95,   217,   0,   89,
733031,   20061221,   118,   1,   92,   319,   -1,   86,
733031,   20061221,   260,   1,   68,   194,   -1,   50,
733031,   20061221,   203,   1,   88,   16,   -1,   47,
733031,   20061221,   115,   1,   71,   113,   -1,   60,
733031,   20061221,   167,   0,   89,   191,   0,   63,
733031,   20061221,   237,   -1,   55,   178,   1,   44,
733031,   20061221,   294,   1,   76,   12,   -1,   68,
733031,   20061221,   40,   1,   82,   142,   -1,   73,
733031,   20061221,   250,   -1,   64,   270,   1,   62,
733031,   20061221,   73,   0,   61,   101,   0,   54,
733031,   20061221,   303,   1,   77,   122,   -1,   63,
733031,   20061221,   110,   0,   68,   43,   0,   46,
733031,   20061221,   52,   -1,   59,   290,   1,   56,
733031,   20061221,   219,   1,   78,   111,   -1,   49,
733031,   20061221,   78,   1,   85,   112,   -1,   56,
733031,   20061221,   322,   0,   64,   239,   0,   54,
733031,   20061221,   64,   0,   83,   205,   0,   74,
733031,   20061221,   59,   0,   68,   307,   0,   43,
733031,   20061221,   201,   0,   77,   302,   0,   44,
733031,   20061221,   291,   0,   73,   274,   0,   66,
733031,   20061221,   9,   0,   87,   308,   0,   79,
733031,   20061221,   212,   1,   93,   159,   -1,   62,
733032,   20061222,   336,   -1,   62,   131,   1,   58,
733032,   20061222,   29,   1,   95,   104,   -1,   82,
733032,   20061222,   141,   0,   73,   42,   0,   67,
733032,   20061222,   130,   0,   67,   157,   0,   49,
733032,   20061222,   244,   1,   52,   22,   -1,   49,
733032,   20061222,   134,   1,   58,   177,   -1,   56,
733032,   20061222,   132,   1,   82,   154,   -1,   68,
733032,   20061222,   74,   -1,   72,   259,   1,   71,
733032,   20061222,   320,   1,   72,   228,   -1,   59,
733032,   20061222,   268,   1,   85,   108,   -1,   60,
733032,   20061222,   223,   1,   79,   269,   -1,   61,
733032,   20061222,   107,   1,   63,   145,   -1,   57,
733032,   20061222,   229,   -1,   74,   83,   1,   72,
733032,   20061222,   100,   1,   78,   98,   -1,   69,
733032,   20061222,   6,   -1,   78,   58,   1,   75,
733032,   20061222,   32,   1,   76,   82,   -1,   65,
733032,   20061222,   328,   1,   70,   156,   -1,   58,
733032,   20061222,   72,   -1,   69,   271,   1,   54,
733032,   20061222,   226,   1,   65,   26,   -1,   51,
733032,   20061222,   170,   -1,   81,   253,   1,   69,
733032,   20061222,   27,   -1,   79,   152,   1,   78,
733032,   20061222,   187,   -1,   73,   2,   1,   71,
733032,   20061222,   70,   1,   60,   199,   -1,   51,
733032,   20061222,   231,   1,   67,   136,   -1,   61,
733032,   20061222,   222,   1,   101,   105,   -1,   92,
733032,   20061222,   188,   -1,   67,   119,   1,   52,
733032,   20061222,   273,   1,   67,   19,   -1,   60,
733032,   20061222,   316,   1,   73,   251,   -1,   51,
733032,   20061222,   117,   0,   86,   123,   0,   57,
733032,   20061222,   196,   -1,   69,   262,   1,   48,
733032,   20061222,   166,   1,   81,   4,   -1,   57,
733032,   20061222,   233,   1,   65,   173,   -1,   62,
733032,   20061222,   20,   1,   103,   220,   -1,   61,
733032,   20061222,   276,   -1,   87,   17,   1,   58,
733032,   20061222,   248,   1,   86,   182,   -1,   78,
733032,   20061222,   129,   0,   68,   299,   0,   55,
733032,   20061222,   236,   1,   89,   326,   -1,   73,
733032,   20061222,   283,   1,   70,   13,   -1,   68,
733032,   20061222,   14,   1,   68,   210,   -1,   56,
733032,   20061222,   146,   1,   72,   289,   -1,   69,
733032,   20061222,   151,   1,   77,   175,   -1,   57,
733032,   20061222,   75,   1,   76,   315,   -1,   56,
733032,   20061222,   124,   -1,   100,   305,   1,   97,
733032,   20061222,   304,   1,   64,   256,   -1,   55,
733032,   20061222,   238,   1,   81,   242,   -1,   63,
733032,   20061222,   321,   1,   80,   323,   -1,   51,
733032,   20061222,   218,   1,   61,   172,   -1,   58,
733032,   20061222,   298,   1,   62,   165,   -1,   58,
733032,   20061222,   139,   -1,   66,   144,   1,   65,
733032,   20061222,   189,   0,   71,   327,   0,   68,
733032,   20061222,   71,   0,   70,   280,   0,   52,
733032,   20061222,   333,   0,   84,   240,   0,   81,
733032,   20061222,   64,   -1,   75,   11,   1,   70,
733032,   20061222,   43,   0,   74,   307,   0,   62,
733032,   20061222,   205,   0,   95,   184,   0,   83,
733032,   20061222,   59,   0,   80,   110,   0,   72,
733032,   20061222,   106,   1,   81,   186,   -1,   72,
733033,   20061223,   48,   1,   103,   314,   -1,   60,
733033,   20061223,   272,   1,   111,   275,   -1,   105,
733033,   20061223,   163,   1,   76,   325,   -1,   64,
733033,   20061223,   215,   1,   75,   148,   -1,   42,
733033,   20061223,   46,   1,   80,   185,   -1,   71,
733033,   20061223,   158,   1,   86,   164,   -1,   46,
733033,   20061223,   309,   -1,   101,   224,   1,   87,
733033,   20061223,   97,   1,   65,   183,   -1,   44,
733033,   20061223,   153,   1,   66,   8,   -1,   54,
733033,   20061223,   247,   1,   94,   214,   -1,   85,
733033,   20061223,   120,   1,   90,   286,   -1,   63,
733033,   20061223,   292,   1,   92,   162,   -1,   55,
733033,   20061223,   69,   1,   90,   36,   -1,   62,
733033,   20061223,   128,   1,   84,   25,   -1,   66,
733033,   20061223,   38,   1,   80,   257,   -1,   71,
733033,   20061223,   296,   1,   74,   66,   -1,   64,
733033,   20061223,   89,   1,   76,   264,   -1,   63,
733033,   20061223,   143,   1,   82,   160,   -1,   59,
733033,   20061223,   121,   1,   87,   246,   -1,   71,
733033,   20061223,   234,   -1,   66,   263,   1,   61,
733033,   20061223,   31,   1,   69,   249,   -1,   64,
733033,   20061223,   192,   -1,   80,   34,   1,   73,
733033,   20061223,   284,   1,   66,   77,   -1,   48,
733033,   20061223,   116,   -1,   77,   114,   1,   69,
733033,   20061223,   3,   1,   99,   57,   -1,   49,
733033,   20061223,   211,   1,   84,   159,   -1,   64,
733033,   20061223,   243,   1,   77,   303,   -1,   75,
733033,   20061223,   147,   1,   68,   142,   -1,   52,
733033,   20061223,   86,   1,   86,   206,   -1,   60,
733033,   20061223,   266,   -1,   58,   244,   1,   46,
733033,   20061223,   278,   1,   72,   30,   -1,   60,
733033,   20061223,   60,   1,   104,   241,   -1,   77,
733033,   20061223,   51,   1,   65,   90,   -1,   56,
733033,   20061223,   310,   -1,   64,   133,   1,   51,
733033,   20061223,   85,   1,   70,   169,   -1,   61,
733033,   20061223,   312,   1,   94,   37,   -1,   70,
733033,   20061223,   260,   1,   76,   55,   -1,   70,
733033,   20061223,   287,   1,   84,   318,   -1,   53,
733033,   20061223,   330,   1,   83,   213,   -1,   47,
733033,   20061223,   217,   1,   84,   65,   -1,   54,
733033,   20061223,   155,   1,   68,   293,   -1,   63,
733033,   20061223,   28,   1,   83,   254,   -1,   73,
733033,   20061223,   91,   1,   95,   35,   -1,   75,
733033,   20061223,   106,   1,   76,   59,   -1,   60,
733033,   20061223,   157,   0,   74,   42,   0,   49,
733033,   20061223,   307,   0,   64,   240,   0,   59,
733033,   20061223,   141,   0,   87,   130,   0,   85,
733033,   20061223,   43,   0,   79,   333,   0,   78,
733033,   20061223,   305,   1,   92,   280,   -1,   71,
733033,   20061223,   299,   0,   60,   327,   0,   56,
733033,   20061223,   71,   0,   71,   124,   0,   70,
733033,   20061223,   186,   0,   70,   110,   0,   57,
733033,   20061223,   129,   0,   72,   189,   0,   56,
733037,   20061227,   237,   0,   64,   176,   0,   59,
733037,   20061227,   56,   1,   84,   57,   -1,   41,
733037,   20061227,   114,   -1,   72,   49,   1,   62,
733037,   20061227,   46,   1,   60,   161,   -1,   52,
733037,   20061227,   205,   1,   97,   226,   -1,   69,
733037,   20061227,   143,   1,   61,   199,   -1,   41,
733037,   20061227,   330,   1,   98,   95,   -1,   40,
733037,   20061227,   270,   1,   63,   301,   -1,   51,
733037,   20061227,   326,   1,   75,   333,   -1,   73,
733037,   20061227,   287,   1,   78,   253,   -1,   62,
733037,   20061227,   201,   1,   66,   145,   -1,   60,
733037,   20061227,   147,   1,   71,   332,   -1,   45,
733037,   20061227,   325,   1,   90,   126,   -1,   67,
733037,   20061227,   200,   1,   76,   28,   -1,   65,
733038,   20061228,   276,   1,   101,   102,   -1,   27,
733038,   20061228,   249,   1,   81,   273,   -1,   69,
733038,   20061228,   10,   1,   94,   36,   -1,   85,
733038,   20061228,   100,   1,   85,   282,   -1,   55,
733038,   20061228,   77,   1,   63,   75,   -1,   51,
733038,   20061228,   332,   0,   61,   237,   0,   50,
733038,   20061228,   109,   -1,   68,   133,   1,   48,
733038,   20061228,   108,   0,   65,   261,   0,   63,
733038,   20061228,   252,   1,   71,   295,   -1,   51,
733038,   20061228,   154,   1,   78,   335,   -1,   69,
733038,   20061228,   324,   1,   95,   157,   -1,   49,
733038,   20061228,   309,   -1,   55,   41,   1,   48,
733038,   20061228,   283,   -1,   75,   228,   1,   63,
733038,   20061228,   328,   1,   72,   103,   -1,   67,
733038,   20061228,   143,   1,   76,   240,   -1,   63,
733038,   20061228,   85,   -1,   68,   88,   1,   66,
733038,   20061228,   196,   1,   87,   231,   -1,   48,
733038,   20061228,   185,   1,   64,   79,   -1,   57,
733038,   20061228,   74,   -1,   98,   25,   1,   93,
733038,   20061228,   271,   1,   96,   134,   -1,   73,
733038,   20061228,   90,   1,   56,   84,   -1,   47,
733038,   20061228,   118,   1,   89,   223,   -1,   70,
733038,   20061228,   311,   1,   91,   8,   -1,   70,
733038,   20061228,   272,   1,   101,   274,   -1,   77,
733038,   20061228,   48,   1,   75,   98,   -1,   60,
733038,   20061228,   72,   1,   61,   96,   -1,   49,
733038,   20061228,   316,   -1,   73,   164,   1,   64,
733038,   20061228,   189,   1,   91,   7,   -1,   59,
733038,   20061228,   128,   1,   63,   70,   -1,   43,
733038,   20061228,   21,   0,   87,   227,   0,   85,
733038,   20061228,   66,   0,   71,   192,   0,   53,
733038,   20061228,   294,   1,   87,   193,   -1,   83,
733038,   20061228,   275,   1,   76,   40,   -1,   66,
733038,   20061228,   207,   1,   69,   250,   -1,   42,
733038,   20061228,   162,   1,   62,   16,   -1,   50,
733038,   20061228,   158,   1,   87,   135,   -1,   62,
733038,   20061228,   153,   1,   91,   177,   -1,   50,
733038,   20061228,   203,   1,   101,   229,   -1,   51,
733038,   20061228,   251,   -1,   91,   15,   1,   78,
733038,   20061228,   12,   -1,   59,   293,   1,   55,
733038,   20061228,   82,   1,   78,   71,   -1,   57,
733038,   20061228,   187,   1,   89,   148,   -1,   69,
733038,   20061228,   147,   1,   92,   176,   -1,   58,
733038,   20061228,   260,   1,   45,   26,   -1,   44,
733038,   20061228,   254,   1,   58,   155,   -1,   41,
733038,   20061228,   191,   -1,   76,   68,   1,   66,
733038,   20061228,   323,   -1,   61,   180,   1,   60,
733038,   20061228,   179,   1,   96,   62,   -1,   82,
733038,   20061228,   265,   -1,   71,   11,   1,   60,
733038,   20061228,   298,   -1,   74,   278,   1,   66,
733038,   20061228,   210,   0,   76,   247,   0,   74,
733038,   20061228,   243,   1,   53,   52,   -1,   39,
733038,   20061228,   6,   -1,   59,   302,   1,   58,
733038,   20061228,   256,   1,   84,   45,   -1,   66,
733038,   20061228,   20,   1,   91,   184,   -1,   71,
733038,   20061228,   190,   1,   107,   195,   -1,   84,
733038,   20061228,   33,   1,   73,   137,   -1,   59,
733038,   20061228,   242,   1,   73,   290,   -1,   65,
733038,   20061228,   139,   -1,   89,   288,   1,   75,
733038,   20061228,   60,   -1,   99,   35,   1,   91,
733038,   20061228,   172,   -1,   80,   219,   1,   74,
733038,   20061228,   211,   1,   76,   218,   -1,   49,
733038,   20061228,   173,   -1,   82,   78,   1,   79,
733038,   20061228,   216,   0,   90,   23,   0,   83,
733038,   20061228,   292,   1,   55,   322,   -1,   52,
733038,   20061228,   299,   1,   86,   321,   -1,   79,
733038,   20061228,   263,   1,   93,   314,   -1,   82,
733038,   20061228,   289,   1,   81,   105,   -1,   48,
733038,   20061228,   1,   0,   66,   93,   0,   52,
733038,   20061228,   106,   1,   66,   279,   -1,   53,
733039,   20061229,   2,   1,   92,   144,   -1,   52,
733039,   20061229,   334,   1,   65,   115,   -1,   59,
733039,   20061229,   54,   0,   61,   5,   0,   56,
733039,   20061229,   188,   0,   65,   80,   0,   64,
733039,   20061229,   38,   -1,   81,   104,   1,   71,
733039,   20061229,   27,   0,   77,   126,   0,   69,
733039,   20061229,   66,   -1,   58,   133,   1,   56,
733039,   20061229,   39,   0,   50,   30,   0,   48,
733039,   20061229,   285,   0,   70,   127,   0,   57,
733039,   20061229,   83,   0,   61,   123,   0,   58,
733039,   20061229,   29,   0,   63,   315,   0,   59,
733039,   20061229,   332,   0,   55,   176,   0,   54,
733039,   20061229,   281,   1,   80,   318,   -1,   59,
733039,   20061229,   252,   1,   80,   125,   -1,   73,
733039,   20061229,   171,   1,   67,   136,   -1,   39,
733039,   20061229,   329,   -1,   71,   209,   1,   65,
733039,   20061229,   253,   1,   75,   320,   -1,   67,
733039,   20061229,   234,   -1,   68,   116,   1,   49,
733039,   20061229,   150,   1,   67,   182,   -1,   63,
733039,   20061229,   51,   1,   68,   225,   -1,   46,
733039,   20061229,   291,   1,   75,   194,   -1,   63,
733039,   20061229,   3,   1,   80,   138,   -1,   58,
733039,   20061229,   192,   0,   67,   109,   0,   61,
733039,   20061229,   308,   1,   86,   4,   -1,   47,
733039,   20061229,   44,   1,   83,   130,   -1,   67,
733039,   20061229,   69,   1,   97,   202,   -1,   67,
733039,   20061229,   147,   1,   60,   237,   -1,   45,
733039,   20061229,   269,   1,   75,   111,   -1,   57,
733039,   20061229,   247,   0,   85,   137,   0,   81,
733039,   20061229,   33,   1,   72,   210,   -1,   62,
733039,   20061229,   89,   0,   92,   222,   0,   62,
733039,   20061229,   261,   0,   58,   26,   0,   53,
733039,   20061229,   23,   0,   78,   7,   0,   65,
733039,   20061229,   227,   0,   67,   314,   0,   62,
733039,   20061229,   108,   -1,   63,   260,   1,   51,
733039,   20061229,   93,   0,   75,   52,   0,   42,
733039,   20061229,   189,   1,   101,   216,   -1,   96,
733039,   20061229,   263,   1,   71,   21,   -1,   60,
733039,   20061229,   1,   -1,   78,   243,   1,   48,
733040,   20061230,   163,   1,   74,   145,   -1,   61,
733040,   20061230,   97,   -1,   67,   162,   1,   51,
733040,   20061230,   185,   1,   72,   297,   -1,   51,
733040,   20061230,   204,   1,   88,   280,   -1,   78,
733040,   20061230,   143,   1,   66,   295,   -1,   51,
733040,   20061230,   14,   1,   80,   142,   -1,   50,
733040,   20061230,   10,   1,   89,   265,   -1,   75,
733040,   20061230,   165,   1,   63,   245,   -1,   61,
733040,   20061230,   34,   -1,   52,   174,   1,   51,
733040,   20061230,   17,   1,   69,   42,   -1,   53,
733040,   20061230,   262,   1,   59,   166,   -1,   56,
733040,   20061230,   221,   -1,   57,   119,   1,   46,
733040,   20061230,   324,   1,   81,   56,   -1,   71,
733040,   20061230,   151,   1,   69,   244,   -1,   51,
733040,   20061230,   141,   1,   81,   8,   -1,   79,
733040,   20061230,   296,   -1,   68,   94,   1,   47,
733040,   20061230,   211,   -1,   76,   212,   1,   73,
733040,   20061230,   92,   1,   83,   159,   -1,   69,
733040,   20061230,   215,   1,   129,   313,   -1,   111,
733040,   20061230,   186,   0,   82,   160,   0,   67,
733040,   20061230,   203,   1,   95,   267,   -1,   66,
733040,   20061230,   59,   1,   77,   170,   -1,   74,
733040,   20061230,   336,   1,   76,   146,   -1,   71,
733040,   20061230,   63,   -1,   64,   157,   1,   59,
733040,   20061230,   40,   -1,   82,   277,   1,   81,
733040,   20061230,   24,   1,   54,   113,   -1,   45,
733040,   20061230,   187,   0,   82,   101,   0,   74,
733040,   20061230,   322,   -1,   58,   299,   1,   55,
733040,   20061230,   192,   -1,   88,   133,   1,   82,
733040,   20061230,   205,   0,   79,   46,   0,   66,
733040,   20061230,   86,   0,   75,   287,   0,   70,
733040,   20061230,   168,   1,   87,   255,   -1,   58,
733040,   20061230,   335,   -1,   74,   183,   1,   59,
733040,   20061230,   35,   1,   67,   290,   -1,   64,
733040,   20061230,   258,   1,   67,   55,   -1,   58,
733040,   20061230,   41,   -1,   66,   156,   1,   52,
733040,   20061230,   268,   1,   82,   257,   -1,   70,
733040,   20061230,   223,   1,   102,   246,   -1,   65,
733040,   20061230,   109,   0,   49,   66,   0,   47,
733040,   20061230,   316,   -1,   93,   85,   1,   83,
733040,   20061230,   152,   1,   59,   312,   -1,   58,
733040,   20061230,   96,   1,   63,   167,   -1,   59,
733040,   20061230,   64,   1,   71,   317,   -1,   64,
733040,   20061230,   118,   1,   84,   71,   -1,   73,
733040,   20061230,   9,   -1,   73,   306,   1,   70,
733040,   20061230,   310,   1,   83,   271,   -1,   65,
733040,   20061230,   272,   1,   93,   81,   -1,   88,
733040,   20061230,   128,   1,   80,   226,   -1,   69,
733040,   20061230,   100,   1,   87,   259,   -1,   43,
733040,   20061230,   298,   -1,   78,   110,   1,   62,
733040,   20061230,   294,   1,   88,   293,   -1,   69,
733040,   20061230,   198,   1,   91,   68,   -1,   79,
733040,   20061230,   208,   1,   84,   301,   -1,   47,
733040,   20061230,   206,   1,   91,   57,   -1,   54,
733040,   20061230,   117,   1,   71,   19,   -1,   57,
733040,   20061230,   32,   -1,   55,   326,   1,   50,
733040,   20061230,   20,   1,   59,   67,   -1,   56,
733040,   20061230,   217,   1,   77,   87,   -1,   51,
733040,   20061230,   184,   -1,   80,   250,   1,   76,
733040,   20061230,   120,   1,   65,   58,   -1,   50,
733040,   20061230,   28,   1,   85,   82,   -1,   78,
733040,   20061230,   307,   1,   67,   45,   -1,   64,
733040,   20061230,   325,   1,   65,   27,   -1,   62,
733040,   20061230,   200,   -1,   63,   327,   1,   59,
733040,   20061230,   323,   -1,   81,   179,   1,   73,
733040,   20061230,   62,   -1,   74,   180,   1,   70,
733040,   20061230,   36,   -1,   66,   11,   1,   62,
733040,   20061230,   210,   0,   90,   137,   0,   58,
733040,   20061230,   304,   1,   73,   6,   -1,   66,
733040,   20061230,   91,   1,   68,   238,   -1,   65,
733040,   20061230,   242,   1,   84,   60,   -1,   76,
733040,   20061230,   239,   1,   78,   134,   -1,   68,
733040,   20061230,   219,   1,   79,   173,   -1,   65,
733040,   20061230,   213,   1,   68,   61,   -1,   64,
733040,   20061230,   139,   1,   74,   149,   -1,   61,
733040,   20061230,   78,   1,   74,   172,   -1,   71,
733040,   20061230,   289,   -1,   68,   288,   1,   48,
733040,   20061230,   112,   1,   72,   233,   -1,   67,
733040,   20061230,   33,   1,   77,   247,   -1,   68,
733040,   20061230,   132,   1,   78,   76,   -1,   65,
733040,   20061230,   30,   0,   77,   182,   0,   59,
733040,   20061230,   127,   0,   70,   194,   0,   66,
733040,   20061230,   123,   0,   67,   225,   0,   64,
733040,   20061230,   111,   0,   68,   315,   0,   67,
733040,   20061230,   130,   0,   78,   5,   0,   72,
733040,   20061230,   131,   1,   74,   188,   -1,   47,
733040,   20061230,   150,   1,   71,   39,   -1,   56,
733040,   20061230,   51,   1,   71,   83,   -1,   67,
733040,   20061230,   291,   1,   88,   285,   -1,   62,
733040,   20061230,   54,   -1,   76,   44,   1,   65,
733040,   20061230,   269,   1,   71,   29,   -1,   57,
733041,   20061231,   164,   -1,   60,   88,   1,   46,
733041,   20061231,   16,   1,   59,   235,   -1,   58,
733041,   20061231,   330,   -1,   64,   98,   1,   54,
733041,   20061231,   90,   1,   67,   224,   -1,   66,
733041,   20061231,   282,   1,   82,   12,   -1,   70,
733041,   20061231,   140,   -1,   72,   264,   1,   61,
733041,   20061231,   73,   1,   70,   241,   -1,   51,
733041,   20061231,   201,   1,   85,   202,   -1,   59,
733041,   20061231,   153,   1,   94,   249,   -1,   75,
733041,   20061231,   253,   1,   82,   22,   -1,   49,
733041,   20061231,   231,   1,   75,   232,   -1,   68,
733041,   20061231,   171,   1,   81,   144,   -1,   53,
733041,   20061231,   328,   1,   61,   228,   -1,   53,
733041,   20061231,   77,   1,   62,   122,   -1,   61,
733041,   20061231,   48,   1,   67,   99,   -1,   57,
733041,   20061231,   43,   1,   83,   331,   -1,   62,
733041,   20061231,   121,   1,   67,   181,   -1,   54,
733041,   20061231,   196,   1,   81,   65,   -1,   51,
733041,   20061231,   25,   1,   87,   199,   -1,   82,
733041,   20061231,   292,   1,   96,   321,   -1,   74,
733042,   20070101,   278,   1,   70,   189,   -1,   68,
733042,   20070101,   190,   -1,   88,   45,   1,   78,
733042,   20070101,   3,   1,   70,   207,   -1,   55,
733042,   20070101,   59,   1,   79,   116,   -1,   71,
733042,   20070101,   191,   1,   84,   283,   -1,   77,
733042,   20070101,   234,   1,   73,   327,   -1,   68,
733042,   20070101,   320,   1,   81,   79,   -1,   65,
733043,   20070102,   276,   1,   71,   329,   -1,   51,
733043,   20070102,   14,   1,   68,   284,   -1,   59,
733043,   20070102,   37,   -1,   78,   197,   1,   48,
733043,   20070102,   130,   1,   66,   138,   -1,   55,
733043,   20070102,   86,   1,   89,   137,   -1,   58,
733043,   20070102,   21,   -1,   75,   81,   1,   74,
733043,   20070102,   183,   -1,   52,   194,   1,   50,
733043,   20070102,   63,   1,   66,   16,   -1,   58,
733043,   20070102,   125,   1,   73,   95,   -1,   64,
733043,   20070102,   160,   -1,   72,   154,   1,   71,
733043,   20070102,   332,   1,   72,   122,   -1,   58,
733043,   20070102,   185,   1,   95,   296,   -1,   93,
733043,   20070102,   55,   -1,   55,   136,   1,   54,
733043,   20070102,   73,   1,   73,   271,   -1,   55,
733043,   20070102,   50,   1,   81,   155,   -1,   67,
733043,   20070102,   56,   1,   69,   253,   -1,   50,
733043,   20070102,   254,   1,   56,   17,   -1,   54,
733043,   20070102,   145,   1,   77,   150,   -1,   69,
733043,   20070102,   2,   -1,   70,   336,   1,   61,
733043,   20070102,   159,   1,   84,   266,   -1,   63,
733043,   20070102,   174,   1,   62,   273,   -1,   60,
733043,   20070102,   246,   -1,   88,   76,   1,   74,
733043,   20070102,   8,   1,   73,   259,   -1,   63,
733043,   20070102,   222,   1,   107,   141,   -1,   69,
733043,   20070102,   229,   1,   58,   84,   -1,   55,
733043,   20070102,   237,   1,   68,   274,   -1,   65,
733043,   20070102,   149,   -1,   89,   216,   1,   87,
733043,   20070102,   269,   1,   81,   131,   -1,   73,
733043,   20070102,   275,   1,   84,   300,   -1,   52,
733043,   20070102,   206,   1,   74,   117,   -1,   67,
733043,   20070102,   20,   1,   76,   40,   -1,   63,
733043,   20070102,   168,   1,   83,   167,   -1,   75,
733043,   20070102,   164,   -1,   59,   251,   1,   51,
733043,   20070102,   70,   -1,   60,   325,   1,   42,
733043,   20070102,   170,   -1,   86,   28,   1,   78,
733043,   20070102,   308,   -1,   74,   227,   1,   69,
733043,   20070102,   18,   1,   74,   279,   -1,   61,
733043,   20070102,   286,   -1,   65,   255,   1,   64,
733043,   20070102,   102,   -1,   63,   4,   1,   52,
733043,   20070102,   7,   1,   71,   220,   -1,   64,
733043,   20070102,   176,   -1,   63,   13,   1,   55,
733043,   20070102,   178,   -1,   73,   75,   1,   62,
733043,   20070102,   124,   -1,   81,   5,   1,   68,
733043,   20070102,   304,   1,   74,   169,   -1,   59,
733043,   20070102,   288,   1,   49,   29,   -1,   47,
733043,   20070102,   305,   1,   95,   290,   -1,   55,
733044,   20070103,   334,   1,   76,   129,   -1,   66,
733044,   20070103,   72,   -1,   61,   99,   1,   55,
733044,   20070103,   25,   1,   72,   335,   -1,   56,
733044,   20070103,   100,   1,   97,   318,   -1,   46,
733044,   20070103,   132,   1,   77,   110,   -1,   70,
733044,   20070103,   312,   1,   65,   228,   -1,   53,
733044,   20070103,   108,   -1,   80,   297,   1,   69,
733044,   20070103,   127,   1,   62,   66,   -1,   47,
733044,   20070103,   306,   -1,   84,   281,   1,   80,
733044,   20070103,   215,   1,   83,   201,   -1,   57,
733044,   20070103,   48,   -1,   68,   89,   1,   66,
733044,   20070103,   58,   -1,   64,   52,   1,   53,
733044,   20070103,   257,   1,   74,   262,   -1,   69,
733044,   20070103,   328,   -1,   67,   96,   1,   63,
733044,   20070103,   209,   -1,   73,   199,   1,   67,
733044,   20070103,   226,   1,   69,   133,   -1,   66,
733044,   20070103,   47,   -1,   53,   80,   1,   50,
733044,   20070103,   152,   1,   70,   205,   -1,   60,
733044,   20070103,   6,   1,   69,   188,   -1,   52,
733044,   20070103,   156,   -1,   73,   23,   1,   71,
733044,   20070103,   109,   -1,   73,   26,   1,   70,
733044,   20070103,   104,   -1,   62,   148,   1,   60,
733044,   20070103,   309,   1,   80,   267,   -1,   69,
733044,   20070103,   92,   1,   69,   44,   -1,   56,
733044,   20070103,   192,   1,   88,   264,   -1,   55,
733044,   20070103,   249,   -1,   78,   38,   1,   60,
733044,   20070103,   195,   -1,   74,   157,   1,   62,
733044,   20070103,   252,   1,   67,   314,   -1,   53,
733044,   20070103,   93,   1,   70,   90,   -1,   59,
733044,   20070103,   67,   -1,   59,   232,   1,   53,
733044,   20070103,   87,   -1,   62,   175,   1,   59,
733044,   20070103,   57,   1,   66,   22,   -1,   58,
733044,   20070103,   324,   1,   67,   310,   -1,   56,
733044,   20070103,   260,   1,   64,   69,   -1,   53,
733044,   20070103,   203,   1,   78,   143,   -1,   62,
733044,   20070103,   247,   1,   77,   231,   -1,   72,
733044,   20070103,   53,   1,   96,   291,   -1,   87,
733044,   20070103,   316,   1,   82,   282,   -1,   78,
733044,   20070103,   270,   1,   64,   189,   -1,   52,
733044,   20070103,   162,   1,   71,   115,   -1,   61,
733044,   20070103,   165,   1,   65,   223,   -1,   59,
733044,   20070103,   196,   1,   102,   214,   -1,   64,
733044,   20070103,   186,   1,   81,   244,   -1,   53,
733044,   20070103,   261,   1,   89,   74,   -1,   41,
733044,   20070103,   77,   1,   74,   181,   -1,   66,
733044,   20070103,   200,   1,   64,   82,   -1,   61,
733044,   20070103,   1,   -1,   81,   54,   1,   75,
733044,   20070103,   311,   1,   108,   101,   -1,   87,
733044,   20070103,   36,   -1,   67,   265,   1,   63,
733044,   20070103,   333,   -1,   66,   239,   1,   65,
733044,   20070103,   298,   1,   97,   302,   -1,   94,
733045,   20070104,   21,   -1,   63,   130,   1,   45,
733045,   20070104,   81,   1,   75,   138,   -1,   72,
733045,   20070104,   125,   1,   90,   37,   -1,   71,
733045,   20070104,   230,   1,   86,   224,   -1,   68,
733045,   20070104,   41,   -1,   80,   259,   1,   61,
733045,   20070104,   171,   1,   69,   319,   -1,   58,
733045,   20070104,   177,   -1,   78,   140,   1,   76,
733045,   20070104,   95,   -1,   72,   197,   1,   52,
733045,   20070104,   332,   1,   76,   114,   -1,   62,
733045,   20070104,   65,   1,   66,   43,   -1,   63,
733045,   20070104,   217,   -1,   74,   268,   1,   66,
733045,   20070104,   118,   1,   55,   59,   -1,   52,
733045,   20070104,   222,   1,   74,   151,   -1,   59,
733045,   20070104,   85,   -1,   93,   191,   1,   86,
733045,   20070104,   237,   1,   55,   279,   -1,   41,
733045,   20070104,   169,   1,   86,   45,   -1,   78,
733045,   20070104,   294,   1,   77,   15,   -1,   69,
733045,   20070104,   236,   -1,   69,   245,   1,   45,
733045,   20070104,   250,   1,   84,   285,   -1,   71,
733045,   20070104,   300,   1,   66,   39,   -1,   60,
733045,   20070104,   142,   1,   92,   241,   -1,   56,
733045,   20070104,   307,   -1,   66,   40,   1,   62,
733045,   20070104,   277,   1,   85,   202,   -1,   81,
733045,   20070104,   153,   1,   88,   119,   -1,   57,
733045,   20070104,   204,   1,   62,   123,   -1,   57,
733045,   20070104,   146,   1,   66,   49,   -1,   55,
733045,   20070104,   326,   1,   65,   70,   -1,   64,
733045,   20070104,   248,   1,   61,   193,   -1,   55,
733045,   20070104,   210,   1,   65,   315,   -1,   46,
733045,   20070104,   251,   1,   69,   88,   -1,   52,
733045,   20070104,   293,   1,   66,   68,   -1,   64,
733045,   20070104,   327,   1,   84,   28,   -1,   63,
733045,   20070104,   234,   -1,   59,   71,   1,   54,
733045,   20070104,   179,   1,   85,   219,   -1,   78,
733045,   20070104,   178,   -1,   86,   273,   1,   83,
733045,   20070104,   299,   -1,   84,   211,   1,   82,
733045,   20070104,   274,   1,   75,   76,   -1,   53,
733045,   20070104,   18,   -1,   78,   126,   1,   63,
733045,   20070104,   286,   -1,   72,   7,   1,   69,
733045,   20070104,   246,   1,   80,   75,   -1,   65,
733045,   20070104,   12,   1,   86,   198,   -1,   75,
733045,   20070104,   255,   1,   63,   220,   -1,   58,
733045,   20070104,   124,   -1,   68,   4,   1,   52,
733045,   20070104,   5,   1,   76,   102,   -1,   66,
733045,   20070104,   158,   1,   88,   46,   -1,   55,
733045,   20070104,   113,   -1,   58,   323,   1,   55,
733045,   20070104,   190,   1,   92,   106,   -1,   86,
733045,   20070104,   24,   1,   77,   303,   -1,   66,
733045,   20070104,   78,   -1,   88,   180,   1,   87,
733045,   20070104,   120,   1,   62,   163,   -1,   60,
733045,   20070104,   292,   -1,   71,   212,   1,   56,
733045,   20070104,   91,   1,   60,   112,   -1,   41,
733045,   20070104,   213,   -1,   62,   290,   1,   49,
733045,   20070104,   322,   1,   75,   11,   -1,   55,
733045,   20070104,   139,   1,   101,   242,   -1,   65,
733045,   20070104,   60,   1,   76,   61,   -1,   72,
733045,   20070104,   289,   1,   66,   35,   -1,   62,
733045,   20070104,   10,   -1,   96,   321,   1,   87,
733045,   20070104,   62,   1,   80,   172,   -1,   72,
733046,   20070105,   38,   1,   64,   264,   -1,   61,
733046,   20070105,   249,   -1,   92,   192,   1,   81,
733046,   20070105,   150,   1,   71,   229,   -1,   55,
733046,   20070105,   175,   1,   53,   318,   -1,   50,
733047,   20070106,   103,   -1,   59,   22,   1,   55,
733047,   20070106,   312,   -1,   69,   73,   1,   67,
733047,   20070106,   86,   1,   67,   98,   -1,   51,
733047,   20070106,   328,   1,   60,   199,   -1,   57,
733047,   20070106,   205,   1,   77,   2,   -1,   72,
733047,   20070106,   69,   -1,   73,   310,   1,   65,
733047,   20070106,   97,   1,   66,   203,   -1,   48,
733047,   20070106,   145,   1,   75,   119,   -1,   66,
733047,   20070106,   223,   1,   64,   215,   -1,   60,
733047,   20070106,   52,   1,   73,   16,   -1,   71,
733047,   20070106,   208,   1,   81,   20,   -1,   77,
733047,   20070106,   90,   -1,   58,   228,   1,   55,
733047,   20070106,   200,   1,   66,   234,   -1,   61,
733047,   20070106,   23,   1,   83,   6,   -1,   72,
733047,   20070106,   280,   -1,   62,   19,   1,   60,
733047,   20070106,   278,   1,   68,   207,   -1,   54,
733047,   20070106,   211,   1,   68,   292,   -1,   66,
733047,   20070106,   335,   1,   74,   141,   -1,   62,
733047,   20070106,   37,   1,   88,   130,   -1,   85,
733047,   20070106,   314,   1,   57,   296,   -1,   54,
733047,   20070106,   99,   1,   87,   281,   -1,   81,
733047,   20070106,   206,   -1,   62,   115,   1,   44,
733047,   20070106,   50,   1,   66,   42,   -1,   54,
733047,   20070106,   25,   -1,   74,   185,   1,   58,
733047,   20070106,   214,   -1,   66,   80,   1,   64,
733047,   20070106,   32,   1,   73,   332,   -1,   42,
733047,   20070106,   209,   1,   65,   96,   -1,   63,
733047,   20070106,   154,   -1,   79,   133,   1,   71,
733047,   20070106,   221,   1,   51,   227,   -1,   28,
733047,   20070106,   14,   1,   88,   3,   -1,   61,
733047,   20070106,   104,   1,   80,   26,   -1,   75,
733047,   20070106,   156,   -1,   72,   267,   1,   53,
733047,   20070106,   162,   -1,   58,   201,   1,   46,
733047,   20070106,   237,   1,   64,   126,   -1,   63,
733047,   20070106,   321,   1,   64,   11,   -1,   53,
733047,   20070106,   282,   -1,   71,   164,   1,   57,
733047,   20070106,   101,   1,   97,   144,   -1,   62,
733047,   20070106,   34,   -1,   74,   77,   1,   68,
733047,   20070106,   182,   1,   70,   317,   -1,   68,
733047,   20070106,   1,   1,   56,   298,   -1,   50,
733047,   20070106,   109,   -1,   84,   134,   1,   74,
733047,   20070106,   235,   -1,   63,   258,   1,   58,
733047,   20070106,   184,   1,   80,   157,   -1,   66,
733047,   20070106,   275,   -1,   102,   53,   1,   78,
733047,   20070106,   108,   1,   75,   66,   -1,   50,
733047,   20070106,   87,   1,   81,   195,   -1,   71,
733047,   20070106,   48,   1,   75,   100,   -1,   74,
733047,   20070106,   146,   1,   87,   326,   -1,   74,
733047,   20070106,   67,   -1,   54,   57,   1,   49,
733047,   20070106,   72,   1,   69,   297,   -1,   55,
733047,   20070106,   324,   1,   73,   260,   -1,   46,
733047,   20070106,   244,   1,   54,   254,   -1,   52,
733047,   20070106,   149,   1,   58,   84,   -1,   54,
733047,   20070106,   70,   1,   66,   336,   -1,   51,
733047,   20070106,   210,   1,   75,   307,   -1,   60,
733047,   20070106,   15,   1,   84,   198,   -1,   60,
733047,   20070106,   174,   1,   82,   274,   -1,   71,
733047,   20070106,   295,   1,   84,   137,   -1,   77,
733047,   20070106,   330,   1,   68,   165,   -1,   45,
733047,   20070106,   54,   -1,   88,   189,   1,   79,
733047,   20070106,   202,   -1,   78,   300,   1,   65,
733047,   20070106,   277,   1,   93,   39,   -1,   80,
733047,   20070106,   33,   1,   80,   239,   -1,   58,
733047,   20070106,   299,   -1,   91,   212,   1,   46,
733047,   20070106,   232,   1,   51,   111,   -1,   45,
733047,   20070106,   68,   1,   75,   294,   -1,   65,
733047,   20070106,   236,   -1,   81,   193,   1,   61,
733047,   20070106,   45,   -1,   79,   204,   1,   78,
733047,   20070106,   121,   -1,   66,   168,   1,   65,
733047,   20070106,   17,   1,   68,   308,   -1,   65,
733047,   20070106,   63,   1,   80,   105,   -1,   73,
733047,   20070106,   64,   1,   81,   51,   -1,   73,
733047,   20070106,   224,   -1,   89,   259,   1,   82,
733047,   20070106,   230,   1,   64,   41,   -1,   48,
733047,   20070106,   248,   1,   66,   245,   -1,   49,
733047,   20070106,   30,   1,   59,   183,   -1,   51,
733047,   20070106,   306,   -1,   77,   127,   1,   61,
733047,   20070106,   171,   1,   62,   177,   -1,   56,
733047,   20070106,   47,   -1,   74,   331,   1,   71,
733047,   20070106,   135,   -1,   71,   301,   1,   59,
733047,   20070106,   329,   1,   108,   313,   -1,   76,
733047,   20070106,   107,   1,   81,   225,   -1,   74,
733047,   20070106,   83,   1,   96,   319,   -1,   95,
733047,   20070106,   9,   -1,   77,   44,   1,   63,
733047,   20070106,   334,   1,   76,   271,   -1,   68,
733047,   20070106,   93,   1,   74,   152,   -1,   65,
733047,   20070106,   188,   -1,   73,   148,   1,   68,
733047,   20070106,   136,   1,   51,   8,   -1,   49,
733047,   20070106,   320,   -1,   59,   160,   1,   58,
733047,   20070106,   94,   1,   72,   92,   -1,   70,
733047,   20070106,   191,   -1,   82,   12,   1,   73,
733047,   20070106,   142,   1,   70,   106,   -1,   67,
733047,   20070106,   61,   -1,   67,   290,   1,   60,
733047,   20070106,   169,   1,   66,   256,   -1,   62,
733047,   20070106,   40,   1,   64,   315,   -1,   58,
733047,   20070106,   276,   1,   69,   129,   -1,   65,
733047,   20070106,   269,   1,   74,   155,   -1,   62,
733047,   20070106,   186,   1,   82,   316,   -1,   71,
733047,   20070106,   250,   1,   60,   29,   -1,   56,
733047,   20070106,   74,   -1,   73,   262,   1,   63,
733047,   20070106,   222,   1,   91,   247,   -1,   69,
733047,   20070106,   291,   -1,   72,   233,   1,   61,
733047,   20070106,   219,   -1,   79,   180,   1,   66,
733047,   20070106,   251,   1,   101,   85,   -1,   76,
733047,   20070106,   284,   1,   72,   285,   -1,   64,
733047,   20070106,   293,   1,   74,   88,   -1,   71,
733047,   20070106,   325,   1,   65,   49,   -1,   53,
733047,   20070106,   118,   -1,   54,   116,   1,   50,
733047,   20070106,   28,   -1,   89,   71,   1,   86,
733047,   20070106,   59,   -1,   75,   82,   1,   62,
733047,   20070106,   279,   1,   73,   273,   -1,   65,
733047,   20070106,   286,   -1,   71,   220,   1,   67,
733047,   20070106,   179,   1,   109,   78,   -1,   101,
733047,   20070106,   132,   -1,   68,   166,   1,   58,
733047,   20070106,   102,   1,   70,   255,   -1,   67,
733047,   20070106,   176,   1,   55,   4,   -1,   41,
733047,   20070106,   5,   -1,   46,   13,   1,   43,
733047,   20070106,   124,   1,   86,   7,   -1,   70,
733047,   20070106,   18,   -1,   81,   75,   1,   76,
733047,   20070106,   147,   1,   66,   56,   -1,   49,
733047,   20070106,   270,   -1,   71,   302,   1,   68,
733047,   20070106,   60,   1,   76,   213,   -1,   70,
733047,   20070106,   323,   1,   84,   173,   -1,   63,
733047,   20070106,   190,   1,   74,   241,   -1,   68,
733047,   20070106,   305,   1,   76,   287,   -1,   63,
733047,   20070106,   91,   1,   79,   303,   -1,   70,
733047,   20070106,   322,   1,   77,   10,   -1,   73,
733047,   20070106,   218,   1,   73,   216,   -1,   69,
733047,   20070106,   243,   1,   76,   263,   -1,   69,
733047,   20070106,   240,   1,   103,   238,   -1,   100,
733047,   20070106,   304,   -1,   57,   288,   1,   38,
733047,   20070106,   113,   -1,   73,   62,   1,   58,
733047,   20070106,   242,   -1,   64,   289,   1,   59,
733047,   20070106,   187,   1,   81,   112,   -1,   55,
733047,   20070106,   139,   1,   77,   35,   -1,   70,
733048,   20070107,   117,   1,   73,   163,   -1,   51,
733048,   20070107,   272,   1,   92,   167,   -1,   84,
733048,   20070107,   226,   1,   75,   65,   -1,   74,
733048,   20070107,   217,   1,   69,   253,   -1,   48,
733048,   20070107,   81,   -1,   66,   95,   1,   63,
733048,   20070107,   138,   1,   79,   266,   -1,   68,
733048,   20070107,   27,   1,   74,   31,   -1,   73,
733048,   20070107,   231,   -1,   54,   46,   1,   42,
733048,   20070107,   21,   1,   72,   159,   -1,   47,
733048,   20070107,   128,   -1,   70,   252,   1,   54,
733048,   20070107,   265,   -1,   76,   311,   1,   75,
733048,   20070107,   161,   1,   65,   131,   -1,   63,
733048,   20070107,   170,   1,   95,   327,   -1,   87,
733048,   20070107,   261,   -1,   75,   43,   1,   70,
733048,   20070107,   58,   1,   69,   194,   -1,   58,
733048,   20070107,   196,   1,   84,   89,   -1,   58,
733048,   20070107,   268,   -1,   70,   151,   1,   58,
733049,   20070108,   328,   -1,   57,   99,   1,   43,
733049,   20070108,   296,   -1,   72,   80,   1,   68,
733049,   20070108,   314,   -1,   73,   44,   1,   67,
733049,   20070108,   108,   1,   70,   209,   -1,   58,
733049,   20070108,   72,   -1,   65,   127,   1,   54,
733049,   20070108,   281,   -1,   75,   66,   1,   68,
733049,   20070108,   177,   1,   91,   235,   -1,   80,
733049,   20070108,   50,   -1,   68,   295,   1,   60,
733049,   20070108,   329,   -1,   75,   42,   1,   52,
733049,   20070108,   306,   1,   64,   199,   -1,   44,
733049,   20070108,   96,   1,   55,   297,   -1,   34,
733049,   20070108,   149,   -1,   60,   38,   1,   51,
733049,   20070108,   103,   -1,   76,   87,   1,   74,
733049,   20070108,   184,   1,   70,   111,   -1,   66,
733049,   20070108,   232,   1,   61,   157,   -1,   49,
733049,   20070108,   195,   -1,   68,   22,   1,   65,
733049,   20070108,   94,   1,   83,   331,   -1,   78,
733049,   20070108,   67,   -1,   68,   175,   1,   61,
733049,   20070108,   310,   -1,   56,   97,   1,   52,
733049,   20070108,   246,   -1,   96,   178,   1,   85,
733049,   20070108,   255,   -1,   73,   124,   1,   62,
733049,   20070108,   13,   1,   52,   4,   -1,   45,
733049,   20070108,   176,   1,   59,   5,   -1,   57,
733049,   20070108,   102,   1,   61,   7,   -1,   58,
733049,   20070108,   187,   1,   90,   24,   -1,   86,
733049,   20070108,   218,   1,   81,   144,   -1,   65,
733049,   20070108,   278,   -1,   62,   129,   1,   52,
733049,   20070108,   258,   -1,   68,   140,   1,   52,
733049,   20070108,   101,   1,   69,   216,   -1,   52,
733050,   20070109,   150,   1,   87,   119,   -1,   65,
733050,   20070109,   81,   -1,   100,   37,   1,   76,
733050,   20070109,   76,   1,   73,   174,   -1,   65,
733050,   20070109,   122,   1,   79,   315,   -1,   77,
733050,   20070109,   125,   -1,   64,   197,   1,   60,
733050,   20070109,   30,   1,   66,   8,   -1,   60,
733050,   20070109,   48,   -1,   87,   185,   1,   76,
733050,   20070109,   86,   1,   79,   14,   -1,   72,
733050,   20070109,   137,   1,   80,   225,   -1,   66,
733050,   20070109,   280,   -1,   65,   34,   1,   60,
733050,   20070109,   317,   1,   74,   19,   -1,   61,
733050,   20070109,   6,   -1,   65,   156,   1,   61,
733050,   20070109,   267,   1,   67,   23,   -1,   55,
733050,   20070109,   26,   1,   65,   148,   -1,   63,
733050,   20070109,   309,   -1,   62,   188,   1,   60,
733050,   20070109,   77,   1,   63,   182,   -1,   62,
733050,   20070109,   203,   1,   61,   324,   -1,   58,
733050,   20070109,   192,   1,   85,   84,   -1,   76,
733050,   20070109,   145,   -1,   94,   249,   1,   87,
733050,   20070109,   229,   1,   75,   264,   -1,   67,
733050,   20070109,   138,   1,   89,   159,   -1,   68,
733050,   20070109,   21,   1,   73,   266,   -1,   71,
733050,   20070109,   276,   -1,   61,   20,   1,   51,
733050,   20070109,   59,   1,   79,   71,   -1,   56,
733050,   20070109,   116,   1,   67,   200,   -1,   64,
733050,   20070109,   1,   1,   65,   189,   -1,   57,
733050,   20070109,   330,   1,   72,   206,   -1,   69,
733050,   20070109,   25,   -1,   95,   320,   1,   85,
733050,   20070109,   3,   1,   71,   147,   -1,   61,
733050,   20070109,   54,   1,   73,   302,   -1,   57,
733050,   20070109,   170,   1,   106,   82,   -1,   54,
733050,   20070109,   109,   1,   66,   16,   -1,   42,
733050,   20070109,   51,   -1,   74,   47,   1,   62,
733051,   20070110,   134,   -1,   71,   52,   1,   65,
733051,   20070110,   130,   -1,   77,   95,   1,   60,
733051,   20070110,   194,   1,   59,   141,   -1,   55,
733051,   20070110,   164,   -1,   72,   85,   1,   68,
733051,   20070110,   312,   -1,   74,   296,   1,   51,
733051,   20070110,   297,   1,   80,   127,   -1,   66,
733051,   20070110,   136,   -1,   71,   183,   1,   61,
733051,   20070110,   209,   1,   83,   66,   -1,   48,
733051,   20070110,   107,   -1,   115,   313,   1,   104,
733051,   20070110,   117,   1,   85,   223,   -1,   58,
733051,   20070110,   199,   1,   84,   99,   -1,   69,
733051,   20070110,   100,   1,   74,   73,   -1,   63,
733051,   20070110,   50,   1,   83,   244,   -1,   56,
733051,   20070110,   332,   1,   81,   146,   -1,   55,
733051,   20070110,   306,   -1,   88,   328,   1,   77,
733051,   20070110,   44,   1,   67,   94,   -1,   58,
733051,   20070110,   228,   -1,   71,   257,   1,   66,
733051,   20070110,   261,   -1,   80,   271,   1,   67,
733051,   20070110,   154,   1,   91,   93,   -1,   84,
733051,   20070110,   133,   -1,   79,   74,   1,   63,
733051,   20070110,   131,   -1,   69,   31,   1,   56,
733051,   20070110,   217,   -1,   59,   69,   1,   49,
733051,   20070110,   143,   -1,   81,   253,   1,   55,
733051,   20070110,   151,   -1,   73,   56,   1,   69,
733051,   20070110,   118,   1,   68,   327,   -1,   63,
733051,   20070110,   98,   1,   80,   252,   -1,   56,
733051,   20070110,   275,   1,   88,   168,   -1,   68,
733051,   20070110,   207,   1,   78,   53,   -1,   54,
733051,   20070110,   163,   1,   66,   201,   -1,   45,
733051,   20070110,   115,   1,   74,   120,   -1,   70,
733051,   20070110,   132,   1,   84,   17,   -1,   57,
733051,   20070110,   308,   1,   82,   272,   -1,   81,
733051,   20070110,   167,   1,   77,   166,   -1,   67,
733051,   20070110,   262,   1,   62,   226,   -1,   58,
733051,   20070110,   121,   1,   71,   186,   -1,   62,
733051,   20070110,   114,   1,   73,   32,   -1,   67,
733051,   20070110,   254,   -1,   57,   250,   1,   56,
733051,   20070110,   28,   1,   48,   234,   -1,   46,
733051,   20070110,   284,   1,   67,   79,   -1,   49,
733051,   20070110,   227,   1,   75,   283,   -1,   70,
733051,   20070110,   128,   1,   87,   208,   -1,   57,
733051,   20070110,   33,   1,   89,   270,   -1,   65,
733051,   20070110,   160,   -1,   63,   153,   1,   58,
733051,   20070110,   196,   1,   79,   311,   -1,   69,
733051,   20070110,   268,   -1,   68,   231,   1,   58,
733051,   20070110,   287,   1,   74,   291,   -1,   64,
733051,   20070110,   323,   1,   75,   219,   -1,   65,
733051,   20070110,   303,   1,   81,   304,   -1,   70,
733051,   20070110,   305,   1,   88,   152,   -1,   64,
733051,   20070110,   333,   1,   86,   298,   -1,   76,
733051,   20070110,   238,   1,   78,   290,   -1,   62,
733051,   20070110,   64,   -1,   71,   92,   1,   63,
733052,   20070111,   2,   1,   54,   161,   -1,   52,
733052,   20070111,   322,   -1,   73,   36,   1,   56,
733052,   20070111,   177,   1,   72,   258,   -1,   54,
733052,   20070111,   224,   -1,   80,   319,   1,   72,
733052,   20070111,   83,   1,   91,   259,   -1,   84,
733052,   20070111,   96,   -1,   73,   281,   1,   44,
733052,   20070111,   235,   1,   74,   171,   -1,   57,
733052,   20070111,   140,   1,   59,   230,   -1,   56,
733052,   20070111,   205,   1,   67,   27,   -1,   49,
733052,   20070111,   6,   1,   82,   148,   -1,   73,
733052,   20070111,   26,   -1,   61,   23,   1,   49,
733052,   20070111,   188,   1,   72,   104,   -1,   59,
733052,   20070111,   309,   -1,   83,   156,   1,   63,
733052,   20070111,   247,   1,   79,   260,   -1,   63,
733052,   20070111,   249,   1,   70,   38,   -1,   48,
733052,   20070111,   325,   -1,   59,   336,   1,   49,
733052,   20070111,   269,   -1,   69,   202,   1,   57,
733052,   20070111,   316,   -1,   86,   88,   1,   74,
733052,   20070111,   193,   1,   83,   300,   -1,   81,
733052,   20070111,   326,   -1,   60,   49,   1,   48,
733052,   20070111,   294,   1,   68,   191,   -1,   66,
733052,   20070111,   169,   1,   80,   40,   -1,   75,
733052,   20070111,   123,   -1,   68,   315,   1,   55,
733052,   20070111,   155,   -1,   59,   236,   1,   58,
733052,   20070111,   245,   1,   78,   277,   -1,   70,
733052,   20070111,   198,   1,   73,   293,   -1,   72,
733052,   20070111,   39,   1,   59,   301,   -1,   49,
733052,   20070111,   334,   -1,   71,   90,   1,   56,
733052,   20070111,   248,   -1,   73,   135,   1,   72,
733052,   20070111,   15,   1,   77,   12,   -1,   51,
733052,   20070111,   204,   -1,   81,   307,   1,   76,
733052,   20070111,   273,   1,   59,   237,   -1,   41,
733052,   20070111,   279,   1,   67,   75,   -1,   43,
733052,   20070111,   251,   -1,   75,   282,   1,   64,
733052,   20070111,   274,   1,   75,   126,   -1,   71,
733052,   20070111,   210,   -1,   69,   256,   1,   61,
733052,   20070111,   158,   -1,   79,   110,   1,   69,
733052,   20070111,   113,   1,   78,   78,   -1,   65,
733052,   20070111,   323,   1,   88,   62,   -1,   68,
733052,   20070111,   24,   1,   82,   142,   -1,   56,
733052,   20070111,   180,   1,   88,   179,   -1,   86,
733052,   20070111,   187,   -1,   72,   241,   1,   63,
733052,   20070111,   265,   1,   78,   321,   -1,   77,
733052,   20070111,   35,   1,   72,   288,   -1,   68,
733052,   20070111,   61,   1,   67,   289,   -1,   61,
733052,   20070111,   190,   -1,   61,   112,   1,   56,
733052,   20070111,   10,   1,   83,   212,   -1,   72,
733052,   20070111,   211,   -1,   60,   11,   1,   55,
733052,   20070111,   108,   -1,   55,   72,   1,   53,
733052,   20070111,   106,   1,   83,   91,   -1,   66,
733053,   20070112,   149,   -1,   73,   119,   1,   63,
733053,   20070112,   105,   1,   77,   63,   -1,   71,
733053,   20070112,   109,   1,   65,   30,   -1,   60,
733053,   20070112,   214,   -1,   74,   58,   1,   56,
733053,   20070112,   55,   1,   64,   221,   -1,   56,
733053,   20070112,   145,   1,   96,   192,   -1,   95,
733053,   20070112,   138,   -1,   55,   21,   1,   50,
733053,   20070112,   229,   -1,   64,   84,   1,   63,
733053,   20070112,   59,   -1,   62,   200,   1,   54,
733054,   20070113,   199,   1,   84,   108,   -1,   74,
733054,   20070113,   185,   -1,   88,   320,   1,   74,
733054,   20070113,   22,   1,   57,   184,   -1,   52,
733054,   20070113,   148,   1,   69,   23,   -1,   64,
733054,   20070113,   77,   -1,   56,   19,   1,   52,
733054,   20070113,   151,   1,   81,   324,   -1,   63,
733054,   20070113,   143,   1,   78,   222,   -1,   63,
733054,   20070113,   117,   -1,   84,   215,   1,   74,
733054,   20070113,   183,   1,   60,   134,   -1,   44,
733054,   20070113,   224,   1,   71,   171,   -1,   51,
733054,   20070113,   16,   1,   64,   136,   -1,   59,
733054,   20070113,   206,   1,   68,   272,   -1,   66,
733054,   20070113,   313,   1,   116,   42,   -1,   83,
733054,   20070113,   86,   -1,   84,   252,   1,   50,
733054,   20070113,   309,   1,   75,   6,   -1,   66,
733054,   20070113,   26,   1,   53,   188,   -1,   29,
733054,   20070113,   268,   1,   75,   310,   -1,   64,
733054,   20070113,   128,   -1,   68,   121,   1,   64,
733054,   20070113,   319,   -1,   73,   258,   1,   66,
733054,   20070113,   41,   -1,   71,   177,   1,   63,
733054,   20070113,   96,   1,   73,   127,   -1,   52,
733054,   20070113,   153,   1,   92,   48,   -1,   87,
733054,   20070113,   25,   1,   78,   311,   -1,   73,
733054,   20070113,   100,   1,   88,   89,   -1,   80,
733054,   20070113,   32,   1,   62,   233,   -1,   47,
733054,   20070113,   47,   1,   74,   94,   -1,   69,
733054,   20070113,   93,   1,   80,   257,   -1,   63,
733054,   20070113,   104,   1,   50,   267,   -1,   47,
733054,   20070113,   38,   -1,   68,   264,   1,   47,
733054,   20070113,   292,   -1,   65,   299,   1,   64,
733054,   20070113,   330,   -1,   56,   201,   1,   50,
733054,   20070113,   36,   1,   77,   321,   -1,   69,
733054,   20070113,   8,   1,   70,   52,   -1,   48,
733054,   20070113,   202,   1,   82,   301,   -1,   62,
733054,   20070113,   147,   1,   65,   17,   -1,   63,
733054,   20070113,   234,   1,   76,   170,   -1,   56,
733054,   20070113,   275,   1,   80,   207,   -1,   69,
733054,   20070113,   80,   -1,   64,   9,   1,   63,
733054,   20070113,   312,   1,   94,   196,   -1,   88,
733054,   20070113,   81,   1,   77,   197,   -1,   58,
733054,   20070113,   78,   -1,   88,   219,   1,   70,
733054,   20070113,   122,   1,   82,   194,   -1,   65,
733054,   20070113,   76,   1,   63,   75,   -1,   62,
733054,   20070113,   129,   -1,   85,   168,   1,   81,
733054,   20070113,   140,   1,   72,   259,   -1,   60,
733054,   20070113,   67,   1,   66,   111,   -1,   57,
733054,   20070113,   1,   -1,   58,   333,   1,   56,
733054,   20070113,   239,   1,   81,   54,   -1,   76,
733054,   20070113,   20,   1,   73,   278,   -1,   70,
733054,   20070113,   248,   -1,   67,   155,   1,   53,
733054,   20070113,   225,   1,   80,   50,   -1,   76,
733054,   20070113,   209,   1,   84,   72,   -1,   57,
733054,   20070113,   87,   1,   73,   232,   -1,   58,
733054,   20070113,   98,   1,   85,   308,   -1,   73,
733054,   20070113,   69,   -1,   60,   231,   1,   37,
733054,   20070113,   174,   1,   70,   279,   -1,   48,
733054,   20070113,   120,   1,   60,   165,   -1,   49,
733054,   20070113,   166,   1,   74,   14,   -1,   72,
733054,   20070113,   13,   -1,   54,   255,   1,   47,
733054,   20070113,   114,   1,   79,   146,   -1,   73,
733054,   20070113,   49,   1,   63,   70,   -1,   61,
733054,   20070113,   241,   1,   64,   91,   -1,   61,
733054,   20070113,   51,   1,   67,   92,   -1,   55,
733054,   20070113,   175,   -1,   75,   103,   1,   70,
733054,   20070113,   195,   1,   62,   57,   -1,   61,
733054,   20070113,   193,   1,   82,   277,   -1,   67,
733054,   20070113,   34,   -1,   67,   182,   1,   64,
733054,   20070113,   110,   1,   82,   250,   -1,   67,
733054,   20070113,   212,   -1,   67,   11,   1,   59,
733054,   20070113,   335,   -1,   56,   29,   1,   42,
733054,   20070113,   159,   1,   94,   37,   -1,   93,
733054,   20070113,   265,   1,   71,   322,   -1,   68,
733054,   20070113,   269,   -1,   85,   39,   1,   73,
733054,   20070113,   85,   1,   73,   294,   -1,   62,
733054,   20070113,   296,   1,   67,   44,   -1,   57,
733054,   20070113,   66,   1,   77,   328,   -1,   62,
733054,   20070113,   107,   1,   90,   295,   -1,   64,
733054,   20070113,   64,   -1,   83,   331,   1,   78,
733054,   20070113,   329,   -1,   68,   137,   1,   40,
733054,   20070113,   99,   -1,   59,   297,   1,   54,
733054,   20070113,   132,   1,   64,   167,   -1,   60,
733054,   20070113,   214,   -1,   69,   55,   1,   43,
733054,   20070113,   58,   1,   55,   221,   -1,   35,
733054,   20070113,   4,   1,   61,   5,   -1,   55,
733054,   20070113,   230,   -1,   70,   83,   1,   66,
733054,   20070113,   276,   -1,   87,   53,   1,   69,
733054,   20070113,   332,   1,   78,   325,   -1,   67,
733054,   20070113,   226,   -1,   86,   261,   1,   81,
733054,   20070113,   154,   1,   88,   271,   -1,   77,
733054,   20070113,   43,   -1,   66,   228,   1,   51,
733054,   20070113,   65,   1,   84,   133,   -1,   82,
733054,   20070113,   95,   -1,   77,   266,   1,   64,
733054,   20070113,   280,   1,   80,   317,   -1,   68,
733054,   20070113,   227,   -1,   64,   79,   1,   47,
733054,   20070113,   291,   -1,   78,   152,   1,   71,
733054,   20070113,   130,   1,   83,   125,   -1,   76,
733054,   20070113,   306,   1,   85,   281,   -1,   77,
733054,   20070113,   88,   1,   61,   68,   -1,   59,
733054,   20070113,   28,   -1,   76,   118,   1,   59,
733054,   20070113,   336,   1,   81,   326,   -1,   63,
733054,   20070113,   164,   -1,   76,   191,   1,   67,
733054,   20070113,   210,   -1,   75,   169,   1,   68,
733054,   20070113,   204,   -1,   79,   315,   1,   52,
733054,   20070113,   245,   1,   73,   300,   -1,   69,
733054,   20070113,   316,   1,   82,   293,   -1,   72,
733054,   20070113,   223,   1,   67,   162,   -1,   53,
733054,   20070113,   262,   1,   76,   334,   -1,   65,
733054,   20070113,   158,   -1,   75,   254,   1,   62,
733054,   20070113,   287,   -1,   67,   283,   1,   60,
733054,   20070113,   251,   1,   68,   12,   -1,   54,
733054,   20070113,   307,   1,   69,   123,   -1,   55,
733054,   20070113,   71,   1,   70,   116,   -1,   66,
733054,   20070113,   327,   1,   69,   82,   -1,   56,
733054,   20070113,   284,   1,   86,   305,   -1,   79,
733054,   20070113,   273,   1,   83,   126,   -1,   74,
733054,   20070113,   18,   1,   68,   246,   -1,   67,
733054,   20070113,   102,   -1,   66,   220,   1,   52,
733054,   20070113,   282,   1,   87,   15,   -1,   79,
733054,   20070113,   124,   -1,   73,   286,   1,   62,
733054,   20070113,   7,   1,   61,   176,   -1,   60,
733054,   20070113,   189,   1,   86,   302,   -1,   82,
733054,   20070113,   217,   1,   74,   97,   -1,   69,
733054,   20070113,   113,   1,   70,   180,   -1,   60,
733054,   20070113,   60,   1,   98,   290,   -1,   58,
733054,   20070113,   172,   1,   73,   173,   -1,   65,
733054,   20070113,   190,   -1,   73,   24,   1,   69,
733054,   20070113,   303,   1,   69,   142,   -1,   49,
733054,   20070113,   56,   -1,   68,   260,   1,   59,
733054,   20070113,   256,   1,   78,   40,   -1,   57,
733054,   20070113,   288,   -1,   70,   242,   1,   66,
733054,   20070113,   238,   -1,   71,   216,   1,   67,
733054,   20070113,   298,   1,   83,   33,   -1,   75,
733054,   20070113,   101,   -1,   77,   243,   1,   69,
733054,   20070113,   61,   1,   90,   139,   -1,   83,
733054,   20070113,   179,   -1,   94,   62,   1,   71,
733054,   20070113,   263,   1,   73,   218,   -1,   57,
733054,   20070113,   240,   -1,   68,   144,   1,   61,
733054,   20070113,   289,   -1,   67,   213,   1,   42,
733054,   20070113,   187,   -1,   68,   106,   1,   66,
733055,   20070114,   163,   1,   63,   115,   -1,   57,
733055,   20070114,   31,   1,   68,   161,   -1,   51,
733055,   20070114,   90,   -1,   71,   74,   1,   59,
733055,   20070114,   131,   1,   67,   205,   -1,   65,
733055,   20070114,   2,   -1,   83,   27,   1,   62,
733055,   20070114,   253,   1,   74,   46,   -1,   59,
733055,   20070114,   203,   1,   88,   247,   -1,   76,
733055,   20070114,   192,   -1,   80,   229,   1,   79,
733055,   20070114,   84,   -1,   83,   119,   1,   76,
733055,   20070114,   73,   -1,   85,   160,   1,   63,
733055,   20070114,   211,   -1,   79,   10,   1,   77,
733055,   20070114,   274,   1,   73,   237,   -1,   59,
733056,   20070115,   130,   1,   77,   197,   -1,   57,
733056,   20070115,   41,   1,   61,   140,   -1,   48,
733056,   20070115,   159,   1,   85,   95,   -1,   74,
733056,   20070115,   150,   -1,   84,   249,   1,   75,
733056,   20070115,   81,   1,   71,   125,   -1,   59,
733056,   20070115,   51,   1,   67,   94,   -1,   64,
733056,   20070115,   9,   1,   100,   314,   -1,   91,
733056,   20070115,   281,   -1,   70,   145,   1,   62,
733056,   20070115,   329,   1,   61,   295,   -1,   42,
733056,   20070115,   92,   1,   68,   331,   -1,   65,
733056,   20070115,   266,   1,   82,   37,   -1,   73,
733056,   20070115,   225,   1,   61,   42,   -1,   53,
733056,   20070115,   50,   -1,   99,   313,   1,   97,
733056,   20070115,   6,   1,   66,   267,   -1,   61,
733056,   20070115,   23,   -1,   57,   104,   1,   55,
733056,   20070115,   44,   -1,   66,   80,   1,   56,
733056,   20070115,   151,   -1,   74,   143,   1,   65,
733056,   20070115,   149,   -1,   71,   264,   1,   66,
733056,   20070115,   67,   -1,   61,   157,   1,   47,
733056,   20070115,   184,   -1,   82,   87,   1,   78,
733056,   20070115,   103,   1,   77,   57,   -1,   69,
733056,   20070115,   195,   1,   68,   175,   -1,   54,
733056,   20070115,   232,   -1,   68,   22,   1,   56,
733056,   20070115,   327,   1,   62,   59,   -1,   59,
733056,   20070115,   234,   1,   72,   71,   -1,   62,
733056,   20070115,   170,   -1,   75,   116,   1,   66,
733056,   20070115,   124,   -1,   74,   220,   1,   62,
733056,   20070115,   255,   1,   72,   176,   -1,   64,
733056,   20070115,   286,   1,   55,   102,   -1,   47,
733056,   20070115,   7,   1,   61,   13,   -1,   57,
733056,   20070115,   128,   1,   80,   168,   -1,   77,
733056,   20070115,   304,   1,   80,   141,   -1,   52,
733056,   20070115,   303,   1,   74,   112,   -1,   56,
733056,   20070115,   243,   1,   57,   218,   -1,   41,
733056,   20070115,   240,   -1,   72,   216,   1,   71,
733056,   20070115,   238,   -1,   79,   144,   1,   74,
733056,   20070115,   263,   1,   80,   101,   -1,   75,
733056,   20070115,   236,   1,   88,   135,   -1,   52,
733057,   20070116,   19,   1,   71,   182,   -1,   60,
733057,   20070116,   133,   1,   78,   194,   -1,   59,
733057,   20070116,   188,   -1,   65,   63,   1,   61,
733057,   20070116,   18,   1,   68,   178,   -1,   59,
733057,   20070116,   117,   1,   71,   120,   -1,   64,
733057,   20070116,   64,   1,   79,   47,   -1,   54,
733057,   20070116,   317,   1,   86,   34,   -1,   76,
733057,   20070116,   280,   -1,   66,   77,   1,   56,
733057,   20070116,   217,   1,   63,   56,   -1,   54,
733057,   20070116,   148,   1,   70,   156,   -1,   56,
733057,   20070116,   33,   1,   89,   333,   -1,   81,
733057,   20070116,   311,   1,   103,   153,   -1,   91,
733057,   20070116,   25,   1,   82,   160,   -1,   63,
733057,   20070116,   251,   -1,   73,   293,   1,   69,
733057,   20070116,   69,   1,   71,   260,   -1,   63,
733057,   20070116,   208,   1,   105,   275,   -1,   103,
733057,   20070116,   132,   -1,   87,   252,   1,   49,
733057,   20070116,   158,   1,   79,   287,   -1,   54,
733057,   20070116,   302,   1,   85,   1,   -1,   79,
733057,   20070116,   35,   1,   74,   62,   -1,   65,
733057,   20070116,   96,   -1,   76,   328,   1,   63,
733058,   20070117,   2,   1,   78,   131,   -1,   68,
733058,   20070117,   129,   1,   69,   20,   -1,   60,
733058,   20070117,   30,   -1,   67,   134,   1,   61,
733058,   20070117,   32,   1,   67,   336,   -1,   39,
733058,   20070117,   127,   1,   72,   209,   -1,   65,
733058,   20070117,   16,   1,   60,   8,   -1,   55,
733058,   20070117,   136,   1,   60,   52,   -1,   59,
733058,   20070117,   109,   1,   61,   183,   -1,   42,
733058,   20070117,   99,   -1,   61,   66,   1,   44,
733058,   20070117,   107,   1,   77,   137,   -1,   71,
733058,   20070117,   115,   -1,   64,   165,   1,   52,
733058,   20070117,   196,   -1,   77,   48,   1,   55,
733058,   20070117,   89,   1,   82,   312,   -1,   73,
733058,   20070117,   271,   1,   85,   262,   -1,   79,
733058,   20070117,   226,   1,   89,   257,   -1,   78,
733058,   20070117,   90,   1,   56,   261,   -1,   55,
733058,   20070117,   93,   -1,   63,   228,   1,   58,
733058,   20070117,   268,   1,   77,   46,   -1,   76,
733058,   20070117,   324,   1,   69,   253,   -1,   58,
733058,   20070117,   310,   1,   102,   203,   -1,   87,
733058,   20070117,   283,   -1,   65,   79,   1,   56,
733058,   20070117,   152,   1,   65,   284,   -1,   53,
733058,   20070117,   146,   -1,   70,   70,   1,   64,
733058,   20070117,   306,   1,   74,   297,   -1,   65,
733058,   20070117,   161,   1,   66,   27,   -1,   60,
733058,   20070117,   43,   1,   80,   65,   -1,   59,
733058,   20070117,   72,   1,   67,   199,   -1,   41,
733058,   20070117,   97,   -1,   68,   231,   1,   54,
733058,   20070117,   247,   1,   69,   222,   -1,   68,
733058,   20070117,   291,   1,   64,   250,   -1,   56,
733058,   20070117,   15,   -1,   54,   164,   1,   51,
733058,   20070117,   12,   1,   71,   316,   -1,   69,
733058,   20070117,   207,   1,   70,   186,   -1,   53,
733058,   20070117,   54,   -1,   66,   270,   1,   54,
733058,   20070117,   206,   1,   73,   201,   -1,   41,
733058,   20070117,   162,   1,   77,   215,   -1,   57,
733058,   20070117,   330,   1,   69,   223,   -1,   64,
733058,   20070117,   17,   1,   83,   272,   -1,   80,
733058,   20070117,   147,   1,   62,   166,   -1,   55,
733058,   20070117,   326,   1,   76,   114,   -1,   65,
733058,   20070117,   142,   1,   73,   190,   -1,   71,
733058,   20070117,   308,   1,   94,   3,   -1,   73,
733058,   20070117,   98,   -1,   67,   14,   1,   64,
733058,   20070117,   82,   1,   75,   234,   -1,   68,
733058,   20070117,   227,   1,   76,   110,   -1,   71,
733058,   20070117,   191,   -1,   86,   282,   1,   85,
733058,   20070117,   53,   1,   74,   121,   -1,   65,
733058,   20070117,   305,   1,   68,   254,   -1,   50,
733058,   20070117,   239,   1,   73,   189,   -1,   68,
733059,   20070118,   334,   1,   83,   154,   -1,   77,
733059,   20070118,   125,   1,   87,   159,   -1,   77,
733059,   20070118,   95,   1,   61,   138,   -1,   55,
733059,   20070118,   123,   1,   77,   169,   -1,   72,
733059,   20070118,   37,   1,   79,   21,   -1,   67,
733059,   20070118,   224,   1,   74,   258,   -1,   72,
733059,   20070118,   177,   -1,   67,   259,   1,   63,
733059,   20070118,   41,   1,   60,   83,   -1,   56,
733059,   20070118,   214,   -1,   93,   133,   1,   92,
733059,   20070118,   108,   1,   79,   281,   -1,   74,
733059,   20070118,   235,   -1,   84,   230,   1,   82,
733059,   20070118,   295,   -1,   77,   225,   1,   67,
733059,   20070118,   266,   -1,   63,   197,   1,   60,
733059,   20070118,   73,   1,   62,   320,   -1,   40,
733059,   20070118,   204,   1,   77,   256,   -1,   69,
733059,   20070118,   332,   -1,   78,   49,   1,   67,
733059,   20070118,   205,   1,   67,   31,   -1,   51,
733059,   20070118,   188,   -1,   75,   23,   1,   72,
733059,   20070118,   267,   1,   68,   26,   -1,   62,
733059,   20070118,   156,   1,   73,   104,   -1,   68,
733059,   20070118,   148,   -1,   69,   309,   1,   64,
733059,   20070118,   149,   1,   86,   229,   -1,   75,
733059,   20070118,   150,   -1,   91,   192,   1,   86,
733059,   20070118,   38,   1,   72,   119,   -1,   65,
733059,   20070118,   296,   1,   80,   9,   -1,   76,
733059,   20070118,   88,   1,   67,   198,   -1,   66,
733059,   20070118,   202,   1,   98,   155,   -1,   90,
733059,   20070118,   237,   1,   66,   174,   -1,   53,
733059,   20070118,   318,   -1,   81,   195,   1,   71,
733059,   20070118,   307,   -1,   78,   315,   1,   60,
733059,   20070118,   269,   1,   90,   277,   -1,   42,
733059,   20070118,   236,   -1,   55,   248,   1,   52,
733059,   20070118,   210,   1,   59,   45,   -1,   53,
733059,   20070118,   135,   1,   62,   39,   -1,   50,
733059,   20070118,   71,   1,   74,   118,   -1,   68,
733059,   20070118,   59,   1,   65,   28,   -1,   54,
733059,   20070118,   116,   1,   83,   327,   -1,   75,
733059,   20070118,   200,   -1,   75,   170,   1,   65,
733059,   20070118,   246,   1,   92,   273,   -1,   78,
733059,   20070118,   126,   1,   66,   76,   -1,   56,
733059,   20070118,   18,   -1,   75,   279,   1,   60,
733059,   20070118,   211,   1,   66,   265,   -1,   59,
733059,   20070118,   274,   -1,   76,   75,   1,   64,
733059,   20070118,   68,   1,   90,   85,   -1,   85,
733059,   20070118,   113,   -1,   79,   172,   1,   69,
733059,   20070118,   173,   1,   63,   323,   -1,   48,
733059,   20070118,   303,   1,   80,   24,   -1,   79,
733059,   20070118,   219,   1,   86,   180,   -1,   71,
733059,   20070118,   288,   1,   93,   61,   -1,   88,
733059,   20070118,   187,   1,   85,   91,   -1,   75,
733059,   20070118,   112,   1,   76,   106,   -1,   75,
733059,   20070118,   139,   1,   95,   60,   -1,   85,
733059,   20070118,   289,   1,   64,   290,   -1,   48,
733059,   20070118,   179,   -1,   91,   78,   1,   80,
733059,   20070118,   292,   1,   60,   11,   -1,   50,
733059,   20070118,   36,   -1,   77,   212,   1,   74,
733059,   20070118,   299,   1,   80,   10,   -1,   73,
733060,   20070119,   19,   -1,   64,   34,   1,   57,
733060,   20070119,   84,   -1,   72,   249,   1,   67,
733060,   20070119,   145,   -1,   62,   264,   1,   55,
733060,   20070119,   81,   1,   78,   130,   -1,   66,
733060,   20070119,   97,   -1,   74,   247,   1,   58,
733061,   20070120,   48,   1,   74,   25,   -1,   54,
733061,   20070120,   131,   1,   62,   27,   -1,   61,
733061,   20070120,   46,   1,   96,   324,   -1,   83,
733061,   20070120,   143,   -1,   59,   69,   1,   50,
733061,   20070120,   162,   1,   71,   223,   -1,   55,
733061,   20070120,   138,   -1,   65,   37,   1,   64,
733061,   20070120,   86,   1,   79,   166,   -1,   70,
733061,   20070120,   90,   1,   77,   262,   -1,   68,
733061,   20070120,   296,   -1,   47,   47,   1,   44,
733061,   20070120,   310,   1,   76,   275,   -1,   69,
733061,   20070120,   3,   1,   78,   98,   -1,   76,
733061,   20070120,   129,   -1,   69,   121,   1,   60,
733061,   20070120,   258,   -1,   66,   319,   1,   51,
733061,   20070120,   244,   -1,   65,   141,   1,   59,
733061,   20070120,   30,   1,   50,   52,   -1,   36,
733061,   20070120,   281,   1,   75,   297,   -1,   61,
733061,   20070120,   330,   -1,   71,   115,   1,   64,
733061,   20070120,   9,   -1,   81,   64,   1,   74,
733061,   20070120,   89,   1,   86,   160,   -1,   67,
733061,   20070120,   50,   1,   70,   137,   -1,   65,
733061,   20070120,   58,   -1,   49,   55,   1,   45,
733061,   20070120,   32,   1,   80,   325,   -1,   59,
733061,   20070120,   226,   -1,   85,   271,   1,   77,
733061,   20070120,   317,   1,   84,   77,   -1,   80,
733061,   20070120,   254,   -1,   57,   287,   1,   55,
733061,   20070120,   38,   1,   84,   150,   -1,   74,
733061,   20070120,   192,   1,   81,   119,   -1,   80,
733061,   20070120,   70,   -1,   66,   114,   1,   54,
733061,   20070120,   201,   -1,   55,   165,   1,   40,
733061,   20070120,   237,   1,   55,   76,   -1,   46,
733061,   20070120,   29,   -1,   76,   335,   1,   71,
733061,   20070120,   109,   -1,   69,   8,   1,   64,
733061,   20070120,   302,   1,   62,   333,   -1,   60,
733061,   20070120,   308,   -1,   72,   132,   1,   67,
733061,   20070120,   93,   1,   76,   43,   -1,   68,
733061,   20070120,   167,   1,   87,   17,   -1,   76,
733061,   20070120,   126,   1,   67,   174,   -1,   62,
733061,   20070120,   73,   -1,   79,   185,   1,   56,
733061,   20070120,   117,   -1,   77,   56,   1,   73,
733061,   20070120,   14,   1,   72,   147,   -1,   52,
733061,   20070120,   292,   1,   73,   10,   -1,   69,
733061,   20070120,   159,   -1,   77,   197,   1,   58,
733061,   20070120,   278,   1,   69,   128,   -1,   64,
733061,   20070120,   146,   1,   69,   122,   -1,   53,
733061,   20070120,   67,   1,   75,   103,   -1,   64,
733061,   20070120,   111,   1,   63,   22,   -1,   60,
733061,   20070120,   87,   -1,   65,   157,   1,   55,
733061,   20070120,   92,   1,   79,   314,   -1,   67,
733061,   20070120,   108,   1,   77,   328,   -1,   69,
733061,   20070120,   207,   1,   91,   20,   -1,   51,
733061,   20070120,   155,   1,   61,   39,   -1,   56,
733061,   20070120,   83,   -1,   74,   140,   1,   73,
733061,   20070120,   96,   1,   78,   199,   -1,   53,
733061,   20070120,   175,   1,   65,   232,   -1,   62,
733061,   20070120,   184,   -1,   69,   57,   1,   60,
733061,   20070120,   163,   -1,   91,   215,   1,   64,
733061,   20070120,   1,   1,   56,   239,   -1,   51,
733061,   20070120,   54,   1,   90,   33,   -1,   78,
733061,   20070120,   322,   1,   75,   321,   -1,   47,
733061,   20070120,   51,   1,   67,   80,   -1,   45,
733061,   20070120,   204,   1,   78,   169,   -1,   60,
733061,   20070120,   125,   1,   69,   266,   -1,   65,
733061,   20070120,   329,   -1,   62,   225,   1,   59,
733061,   20070120,   272,   1,   64,   252,   -1,   61,
733061,   20070120,   303,   -1,   57,   241,   1,   56,
733061,   20070120,   186,   1,   71,   53,   -1,   50,
733061,   20070120,   158,   -1,   61,   79,   1,   44,
733061,   20070120,   181,   -1,   87,   318,   1,   63,
733061,   20070120,   21,   -1,   70,   95,   1,   54,
733061,   20070120,   235,   -1,   72,   259,   1,   64,
733061,   20070120,   41,   1,   49,   171,   -1,   46,
733061,   20070120,   127,   -1,   59,   99,   1,   52,
733061,   20070120,   72,   -1,   69,   66,   1,   61,
733061,   20070120,   243,   -1,   61,   238,   1,   47,
733061,   20070120,   331,   1,   66,   44,   -1,   63,
733061,   20070120,   277,   1,   67,   301,   -1,   63,
733061,   20070120,   256,   -1,   56,   123,   1,   53,
733061,   20070120,   7,   -1,   59,   4,   1,   58,
733061,   20070120,   230,   1,   81,   177,   -1,   78,
733061,   20070120,   65,   1,   72,   228,   -1,   54,
733061,   20070120,   336,   1,   68,   49,   -1,   63,
733061,   20070120,   136,   1,   77,   134,   -1,   69,
733061,   20070120,   107,   -1,   95,   42,   1,   87,
733061,   20070120,   306,   1,   80,   209,   -1,   75,
733061,   20070120,   222,   1,   78,   231,   -1,   63,
733061,   20070120,   291,   1,   72,   227,   -1,   67,
733061,   20070120,   265,   -1,   67,   212,   1,   56,
733061,   20070120,   299,   1,   58,   11,   -1,   49,
733061,   20070120,   45,   -1,   82,   315,   1,   72,
733061,   20070120,   211,   1,   92,   36,   -1,   84,
733061,   20070120,   164,   -1,   61,   12,   1,   60,
733061,   20070120,   210,   -1,   89,   40,   1,   66,
733061,   20070120,   269,   -1,   89,   300,   1,   63,
733061,   20070120,   294,   1,   77,   88,   -1,   69,
733061,   20070120,   245,   1,   75,   193,   -1,   69,
733061,   20070120,   298,   -1,   75,   270,   1,   66,
733061,   20070120,   198,   1,   76,   85,   -1,   59,
733061,   20070120,   206,   1,   82,   120,   -1,   63,
733061,   20070120,   276,   1,   67,   208,   -1,   49,
733061,   20070120,   305,   -1,   72,   250,   1,   67,
733061,   20070120,   293,   1,   69,   282,   -1,   62,
733061,   20070120,   202,   -1,   81,   135,   1,   68,
733061,   20070120,   200,   1,   74,   118,   -1,   64,
733061,   20070120,   28,   1,   78,   327,   -1,   63,
733061,   20070120,   234,   -1,   58,   59,   1,   57,
733061,   20070120,   110,   -1,   69,   284,   1,   67,
733061,   20070120,   286,   -1,   58,   13,   1,   56,
733061,   20070120,   178,   1,   78,   279,   -1,   65,
733061,   20070120,   274,   -1,   87,   246,   1,   80,
733061,   20070120,   5,   1,   49,   255,   -1,   44,
733061,   20070120,   176,   1,   64,   220,   -1,   61,
733061,   20070120,   152,   -1,   79,   283,   1,   73,
733061,   20070120,   102,   1,   77,   124,   -1,   74,
733061,   20070120,   273,   -1,   61,   75,   1,   58,
733061,   20070120,   173,   1,   58,   113,   -1,   57,
733061,   20070120,   251,   -1,   70,   68,   1,   64,
733061,   20070120,   196,   1,   77,   100,   -1,   61,
733061,   20070120,   24,   1,   73,   106,   -1,   62,
733061,   20070120,   190,   1,   80,   187,   -1,   73,
733061,   20070120,   172,   1,   90,   323,   -1,   86,
733061,   20070120,   35,   -1,   71,   242,   1,   61,
733061,   20070120,   219,   1,   83,   179,   -1,   78,
733061,   20070120,   213,   -1,   79,   288,   1,   71,
733061,   20070120,   263,   -1,   71,   240,   1,   64,
733061,   20070120,   139,   1,   99,   290,   -1,   65,
733061,   20070120,   60,   -1,   71,   289,   1,   68,
733061,   20070120,   216,   -1,   57,   144,   1,   55,
733061,   20070120,   78,   1,   91,   180,   -1,   79,
733061,   20070120,   142,   -1,   73,   112,   1,   72,
733062,   20070121,   151,   -1,   77,   217,   1,   74,
733062,   20070121,   16,   1,   53,   183,   -1,   50,
733062,   20070121,   311,   1,   88,   320,   -1,   76,
733062,   20070121,   261,   1,   82,   334,   -1,   74,
733062,   20070121,   309,   -1,   65,   23,   1,   61,
733062,   20070121,   26,   1,   59,   156,   -1,   53,
733062,   20070121,   188,   1,   69,   267,   -1,   56,
733062,   20070121,   203,   1,   82,   253,   -1,   58,
733062,   20070121,   326,   1,   73,   332,   -1,   69,
733062,   20070121,   257,   1,   87,   133,   -1,   73,
733062,   20070121,   154,   1,   101,   74,   -1,   87,
733062,   20070121,   6,   1,   80,   104,   -1,   67,
733062,   20070121,   2,   1,   66,   31,   -1,   59,
733062,   20070121,   280,   1,   76,   182,   -1,   60,
733062,   20070121,   260,   1,   64,   268,   -1,   60,
733062,   20070121,   249,   -1,   80,   149,   1,   69,
733062,   20070121,   316,   1,   73,   191,   -1,   70,
733062,   20070121,   116,   1,   80,   71,   -1,   65,
733062,   20070121,   145,   -1,   78,   229,   1,   73,
733062,   20070121,   82,   1,   63,   170,   -1,   56,
733062,   20070121,   161,   1,   72,   205,   -1,   69,
733062,   20070121,   61,   1,   72,   233,   -1,   61,
733062,   20070121,   312,   1,   67,   153,   -1,   64,
733063,   20070122,   129,   1,   73,   45,   -1,   36,
733063,   20070122,   51,   1,   77,   331,   -1,   75,
733063,   20070122,   258,   1,   69,   171,   -1,   57,
733063,   20070122,   103,   -1,   80,   141,   1,   59,
733063,   20070122,   80,   -1,   77,   314,   1,   64,
733063,   20070122,   313,   -1,   102,   295,   1,   97,
733063,   20070122,   319,   1,   88,   140,   -1,   74,
733063,   20070122,   137,   -1,   66,   42,   1,   63,
733063,   20070122,   92,   1,   63,   47,   -1,   59,
733063,   20070122,   143,   1,   68,   56,   -1,   54,
733063,   20070122,   87,   -1,   65,   111,   1,   53,
733063,   20070122,   22,   -1,   59,   157,   1,   57,
733063,   20070122,   67,   1,   66,   195,   -1,   56,
733063,   20070122,   107,   -1,   59,   50,   1,   56,
733063,   20070122,   175,   1,   69,   184,   -1,   60,
733063,   20070122,   57,   1,   70,   232,   -1,   67,
733063,   20070122,   307,   1,   59,   122,   -1,   45,
733063,   20070122,   176,   1,   64,   286,   -1,   54,
733063,   20070122,   4,   1,   68,   255,   -1,   63,
733063,   20070122,   13,   1,   61,   220,   -1,   56,
733063,   20070122,   208,   1,   66,   207,   -1,   61,
733063,   20070122,   7,   -1,   80,   5,   1,   77,
733063,   20070122,   91,   1,   67,   241,   -1,   64,
733063,   20070122,   243,   -1,   61,   240,   1,   58,
733063,   20070122,   263,   -1,   85,   238,   1,   78,
733063,   20070122,   101,   -1,   80,   218,   1,   68,
733063,   20070122,   301,   1,   72,   300,   -1,   64,
733064,   20070123,   249,   1,   87,   194,   -1,   63,
733064,   20070123,   230,   -1,   94,   259,   1,   75,
733064,   20070123,   30,   1,   62,   136,   -1,   44,
733064,   20070123,   115,   1,   51,   117,   -1,   43,
733064,   20070123,   25,   1,   85,   89,   -1,   82,
733064,   20070123,   274,   1,   63,   178,   -1,   52,
733064,   20070123,   64,   -1,   101,   94,   1,   92,
733064,   20070123,   260,   1,   71,   203,   -1,   68,
733064,   20070123,   310,   -1,   82,   222,   1,   73,
733064,   20070123,   84,   1,   70,   119,   -1,   67,
733064,   20070123,   150,   1,   67,   264,   -1,   58,
733064,   20070123,   1,   1,   72,   270,   -1,   39,
733064,   20070123,   312,   -1,   92,   160,   1,   85,
733064,   20070123,   17,   1,   81,   3,   -1,   57,
733064,   20070123,   234,   1,   56,   200,   -1,   54,
733064,   20070123,   298,   1,   68,   239,   -1,   61,
733064,   20070123,   109,   -1,   58,   52,   1,   55,
733065,   20070124,   131,   -1,   60,   19,   1,   54,
733065,   20070124,   10,   1,   71,   11,   -1,   47,
733065,   20070124,   134,   1,   76,   16,   -1,   68,
733065,   20070124,   159,   1,   68,   244,   -1,   64,
733065,   20070124,   332,   1,   62,   336,   -1,   49,
733065,   20070124,   108,   -1,   76,   99,   1,   63,
733065,   20070124,   199,   1,   67,   127,   -1,   51,
733065,   20070124,   281,   1,   85,   66,   -1,   63,
733065,   20070124,   85,   1,   75,   293,   -1,   72,
733065,   20070124,   163,   1,   70,   165,   -1,   46,
733065,   20070124,   9,   1,   77,   92,   -1,   63,
733065,   20070124,   196,   -1,   88,   320,   1,   60,
733065,   20070124,   209,   1,   59,   328,   -1,   44,
733065,   20070124,   306,   -1,   75,   96,   1,   62,
733065,   20070124,   161,   -1,   72,   34,   1,   52,
733065,   20070124,   334,   -1,   92,   257,   1,   66,
733065,   20070124,   133,   1,   79,   228,   -1,   56,
733065,   20070124,   226,   1,   75,   154,   -1,   72,
733065,   20070124,   74,   1,   93,   65,   -1,   89,
733065,   20070124,   205,   1,   67,   77,   -1,   61,
733065,   20070124,   317,   -1,   72,   27,   1,   63,
733065,   20070124,   72,   -1,   66,   297,   1,   50,
733065,   20070124,   6,   -1,   52,   26,   1,   50,
733065,   20070124,   280,   -1,   78,   31,   1,   62,
733065,   20070124,   253,   1,   62,   231,   -1,   40,
733065,   20070124,   149,   -1,   70,   145,   1,   68,
733065,   20070124,   82,   -1,   50,   118,   1,   49,
733065,   20070124,   246,   -1,   61,   174,   1,   59,
733065,   20070124,   252,   1,   66,   14,   -1,   60,
733065,   20070124,   93,   1,   74,   261,   -1,   65,
733065,   20070124,   97,   1,   66,   69,   -1,   52,
733065,   20070124,   128,   -1,   82,   20,   1,   56,
733065,   20070124,   275,   -1,   62,   186,   1,   61,
733065,   20070124,   8,   1,   55,   183,   -1,   46,
733065,   20070124,   278,   1,   70,   276,   -1,   68,
733065,   20070124,   98,   1,   78,   132,   -1,   69,
733065,   20070124,   166,   1,   83,   272,   -1,   69,
733065,   20070124,   308,   -1,   64,   147,   1,   53,
733065,   20070124,   214,   1,   76,   271,   -1,   74,
733065,   20070124,   2,   -1,   87,   182,   1,   64,
733065,   20070124,   217,   -1,   67,   46,   1,   51,
733065,   20070124,   324,   0,   77,   152,   0,   63,
733065,   20070124,   151,   1,   89,   247,   -1,   76,
733065,   20070124,   254,   1,   83,   79,   -1,   72,
733065,   20070124,   110,   1,   73,   291,   -1,   70,
733065,   20070124,   250,   1,   55,   283,   -1,   53,
733065,   20070124,   120,   1,   79,   215,   -1,   63,
733065,   20070124,   325,   1,   77,   114,   -1,   57,
733065,   20070124,   59,   -1,   66,   170,   1,   62,
733065,   20070124,   327,   1,   82,   71,   -1,   77,
733065,   20070124,   227,   1,   73,   305,   -1,   67,
733065,   20070124,   28,   1,   88,   116,   -1,   67,
733065,   20070124,   206,   -1,   59,   201,   1,   50,
733065,   20070124,   330,   1,   71,   162,   -1,   58,
733065,   20070124,   153,   1,   80,   100,   -1,   65,
733065,   20070124,   311,   -1,   71,   185,   1,   58,
733065,   20070124,   86,   -1,   70,   167,   1,   67,
733065,   20070124,   168,   -1,   79,   53,   1,   65,
733065,   20070124,   333,   1,   75,   54,   -1,   70,
733065,   20070124,   158,   1,   72,   284,   -1,   59,
733065,   20070124,   190,   1,   84,   112,   -1,   66,
733065,   20070124,   33,   -1,   70,   189,   1,   49,
733066,   20070125,   41,   -1,   69,   258,   1,   61,
733066,   20070125,   224,   -1,   64,   83,   1,   63,
733066,   20070125,   171,   1,   71,   259,   -1,   66,
733066,   20070125,   329,   -1,   64,   107,   1,   63,
733066,   20070125,   73,   1,   68,   48,   -1,   66,
733066,   20070125,   313,   1,   103,   225,   -1,   94,
733066,   20070125,   177,   1,   80,   319,   -1,   70,
733066,   20070125,   309,   -1,   76,   104,   1,   63,
733066,   20070125,   148,   -1,   74,   267,   1,   66,
733066,   20070125,   156,   1,   45,   188,   -1,   44,
733066,   20070125,   70,   1,   91,   326,   -1,   84,
733066,   20070125,   273,   -1,   63,   76,   1,   62,
733066,   20070125,   202,   -1,   98,   193,   1,   88,
733066,   20070125,   81,   -1,   80,   21,   1,   70,
733066,   20070125,   191,   1,   77,   88,   -1,   67,
733066,   20070125,   138,   1,   73,   130,   -1,   62,
733066,   20070125,   307,   -1,   56,   169,   1,   52,
733066,   20070125,   198,   1,   66,   164,   -1,   53,
733066,   20070125,   300,   1,   78,   236,   -1,   65,
733066,   20070125,   245,   -1,   74,   39,   1,   66,
733066,   20070125,   181,   1,   88,   285,   -1,   58,
733066,   20070125,   37,   1,   54,   197,   -1,   49,
733066,   20070125,   123,   -1,   70,   40,   1,   68,
733066,   20070125,   304,   -1,   66,   233,   1,   54,
733066,   20070125,   262,   1,   76,   43,   -1,   63,
733066,   20070125,   248,   -1,   82,   277,   1,   62,
733066,   20070125,   210,   1,   73,   204,   -1,   63,
733066,   20070125,   251,   1,   64,   294,   -1,   57,
733066,   20070125,   15,   1,   76,   316,   -1,   75,
733066,   20070125,   125,   -1,   64,   95,   1,   59,
733066,   20070125,   237,   -1,   71,   279,   1,   66,
733066,   20070125,   172,   -1,   74,   179,   1,   71,
733066,   20070125,   18,   1,   73,   126,   -1,   58,
733066,   20070125,   282,   1,   66,   68,   -1,   63,
733066,   20070125,   292,   -1,   62,   36,   1,   46,
733066,   20070125,   256,   1,   68,   315,   -1,   65,
733066,   20070125,   24,   1,   65,   91,   -1,   61,
733066,   20070125,   323,   -1,   71,   113,   1,   58,
733066,   20070125,   173,   -1,   58,   180,   1,   57,
733066,   20070125,   242,   -1,   67,   61,   1,   57,
733066,   20070125,   322,   1,   70,   212,   -1,   55,
733066,   20070125,   213,   1,   66,   35,   -1,   43,
733066,   20070125,   187,   1,   84,   142,   -1,   67,
733066,   20070125,   289,   1,   88,   139,   -1,   84,
733066,   20070125,   60,   1,   84,   288,   -1,   77,
733066,   20070125,   78,   -1,   100,   62,   1,   85,
733066,   20070125,   265,   1,   65,   299,   -1,   50,
733066,   20070125,   321,   1,   89,   211,   -1,   77,
733066,   20070125,   32,   -1,   70,   146,   1,   66,
733066,   20070125,   106,   1,   72,   241,   -1,   52,
733067,   20070126,   335,   -1,   88,   105,   1,   78,
733067,   20070126,   63,   1,   56,   29,   -1,   52,
733067,   20070126,   84,   1,   66,   264,   -1,   58,
733067,   20070126,   159,   -1,   78,   266,   1,   66,
733067,   20070126,   192,   -1,   83,   150,   1,   75,
733067,   20070126,   109,   1,   64,   136,   -1,   53,
733067,   20070126,   62,   1,   97,   219,   -1,   93,
733068,   20070127,   41,   1,   103,   235,   -1,   96,
733068,   20070127,   117,   1,   76,   162,   -1,   61,
733068,   20070127,   334,   1,   83,   65,   -1,   67,
733068,   20070127,   2,   1,   69,   317,   -1,   36,
733068,   20070127,   97,   1,   82,   46,   -1,   67,
733068,   20070127,   222,   -1,   84,   56,   1,   72,
733068,   20070127,   165,   1,   65,   215,   -1,   60,
733068,   20070127,   224,   1,   73,   140,   -1,   71,
733068,   20070127,   199,   1,   73,   66,   -1,   64,
733068,   20070127,   308,   1,   85,   166,   -1,   80,
733068,   20070127,   158,   1,   67,   254,   -1,   64,
733068,   20070127,   128,   1,   97,   53,   -1,   74,
733068,   20070127,   196,   -1,   92,   10,   1,   64,
733068,   20070127,   276,   1,   70,   207,   -1,   61,
733068,   20070127,   325,   -1,   73,   326,   1,   67,
733068,   20070127,   93,   -1,   82,   226,   1,   78,
733068,   20070127,   90,   -1,   62,   133,   1,   54,
733068,   20070127,   231,   1,   74,   247,   -1,   70,
733068,   20070127,   38,   -1,   67,   149,   1,   64,
733068,   20070127,   59,   1,   71,   118,   -1,   55,
733068,   20070127,   223,   1,   64,   115,   -1,   47,
733068,   20070127,   299,   -1,   76,   36,   1,   73,
733068,   20070127,   202,   1,   98,   245,   -1,   91,
733068,   20070127,   333,   1,   71,   270,   -1,   56,
733068,   20070127,   58,   1,   56,   55,   -1,   51,
733068,   20070127,   49,   -1,   60,   114,   1,   55,
733068,   20070127,   14,   -1,   63,   3,   1,   57,
733068,   20070127,   131,   -1,   68,   182,   1,   49,
733068,   20070127,   229,   1,   84,   249,   -1,   78,
733068,   20070127,   234,   1,   73,   116,   -1,   62,
733068,   20070127,   52,   -1,   66,   183,   1,   58,
733068,   20070127,   9,   1,   95,   47,   -1,   54,
733068,   20070127,   145,   -1,   71,   119,   1,   61,
733068,   20070127,   321,   1,   91,   212,   -1,   74,
733068,   20070127,   8,   -1,   73,   134,   1,   59,
733068,   20070127,   37,   1,   84,   125,   -1,   74,
733068,   20070127,   175,   1,   93,   157,   -1,   59,
733068,   20070127,   108,   -1,   64,   281,   1,   60,
733068,   20070127,   168,   1,   71,   278,   -1,   58,
733068,   20070127,   316,   -1,   77,   68,   1,   67,
733068,   20070127,   329,   1,   65,   50,   -1,   63,
733068,   20070127,   89,   1,   74,   320,   -1,   66,
733068,   20070127,   306,   -1,   75,   72,   1,   68,
733068,   20070127,   87,   1,   73,   67,   -1,   69,
733068,   20070127,   203,   1,   66,   310,   -1,   63,
733068,   20070127,   217,   1,   72,   260,   -1,   46,
733068,   20070127,   291,   -1,   67,   305,   1,   64,
733068,   20070127,   32,   -1,   68,   70,   1,   58,
733068,   20070127,   75,   -1,   65,   174,   1,   62,
733068,   20070127,   295,   1,   53,   42,   -1,   40,
733068,   20070127,   81,   -1,   71,   138,   1,   66,
733068,   20070127,   144,   -1,   74,   243,   1,   71,
733068,   20070127,   86,   -1,   91,   17,   1,   66,
733068,   20070127,   332,   -1,   59,   146,   1,   47,
733068,   20070127,   204,   -1,   82,   40,   1,   74,
733068,   20070127,   129,   1,   61,   186,   -1,   45,
733068,   20070127,   232,   1,   74,   103,   -1,   63,
733068,   20070127,   296,   1,   69,   92,   -1,   54,
733068,   20070127,   275,   1,   84,   20,   -1,   79,
733068,   20070127,   33,   1,   61,   1,   -1,   52,
733068,   20070127,   239,   1,   63,   302,   -1,   53,
733068,   20070127,   184,   1,   80,   195,   -1,   60,
733068,   20070127,   124,   1,   66,   176,   -1,   60,
733068,   20070127,   335,   -1,   71,   63,   1,   64,
733068,   20070127,   51,   -1,   67,   44,   1,   54,
733068,   20070127,   319,   1,   83,   259,   -1,   67,
733068,   20070127,   269,   -1,   78,   301,   1,   63,
733068,   20070127,   64,   1,   79,   314,   -1,   59,
733068,   20070127,   30,   1,   74,   16,   -1,   49,
733068,   20070127,   96,   -1,   59,   127,   1,   41,
733068,   20070127,   171,   1,   76,   230,   -1,   68,
733068,   20070127,   248,   1,   65,   300,   -1,   54,
733068,   20070127,   39,   1,   64,   193,   -1,   53,
733068,   20070127,   85,   1,   75,   12,   -1,   71,
733068,   20070127,   328,   1,   81,   99,   -1,   65,
733068,   20070127,   177,   1,   74,   83,   -1,   65,
733068,   20070127,   252,   -1,   66,   167,   1,   63,
733068,   20070127,   261,   -1,   84,   214,   1,   74,
733068,   20070127,   105,   1,   92,   29,   -1,   88,
733068,   20070127,   137,   1,   122,   313,   -1,   117,
733068,   20070127,   209,   -1,   86,   297,   1,   70,
733068,   20070127,   280,   1,   61,   161,   -1,   56,
733068,   20070127,   94,   -1,   68,   80,   1,   67,
733068,   20070127,   257,   -1,   61,   228,   1,   53,
733068,   20070127,   74,   1,   96,   271,   -1,   92,
733068,   20070127,   279,   1,   83,   126,   -1,   60,
733068,   20070127,   34,   1,   71,   27,   -1,   68,
733068,   20070127,   148,   -1,   65,   104,   1,   64,
733068,   20070127,   143,   1,   76,   268,   -1,   71,
733068,   20070127,   287,   -1,   58,   79,   1,   42,
733068,   20070127,   110,   -1,   77,   152,   1,   61,
733068,   20070127,   318,   -1,   56,   22,   1,   48,
733068,   20070127,   88,   1,   80,   15,   -1,   61,
733068,   20070127,   290,   1,   70,   288,   -1,   50,
733068,   20070127,   21,   1,   85,   130,   -1,   66,
733068,   20070127,   169,   1,   95,   315,   -1,   89,
733068,   20070127,   164,   1,   71,   293,   -1,   59,
733068,   20070127,   294,   1,   91,   282,   -1,   78,
733068,   20070127,   236,   1,   88,   277,   -1,   74,
733068,   20070127,   233,   1,   82,   285,   -1,   67,
733068,   20070127,   181,   1,   61,   304,   -1,   53,
733068,   20070127,   208,   1,   62,   121,   -1,   50,
733068,   20070127,   283,   1,   75,   227,   -1,   55,
733068,   20070127,   210,   1,   77,   123,   -1,   66,
733068,   20070127,   170,   1,   85,   28,   -1,   70,
733068,   20070127,   71,   1,   74,   200,   -1,   61,
733068,   20070127,   327,   -1,   66,   82,   1,   61,
733068,   20070127,   284,   1,   70,   250,   -1,   66,
733068,   20070127,   95,   1,   72,   197,   -1,   46,
733068,   20070127,   18,   1,   66,   237,   -1,   48,
733068,   20070127,   274,   -1,   73,   273,   1,   67,
733068,   20070127,   286,   1,   68,   4,   -1,   66,
733068,   20070127,   178,   -1,   85,   246,   1,   67,
733068,   20070127,   7,   1,   85,   255,   -1,   73,
733068,   20070127,   220,   1,   50,   5,   -1,   47,
733068,   20070127,   102,   1,   74,   13,   -1,   68,
733068,   20070127,   179,   1,   86,   173,   -1,   76,
733068,   20070127,   206,   1,   66,   163,   -1,   64,
733068,   20070127,   219,   -1,   67,   113,   1,   65,
733068,   20070127,   60,   1,   75,   289,   -1,   60,
733068,   20070127,   323,   1,   93,   78,   -1,   84,
733068,   20070127,   172,   -1,   68,   180,   1,   51,
733068,   20070127,   256,   1,   76,   307,   -1,   60,
733068,   20070127,   91,   1,   70,   142,   -1,   64,
733068,   20070127,   242,   -1,   70,   213,   1,   62,
733068,   20070127,   211,   -1,   77,   322,   1,   74,
733068,   20070127,   216,   -1,   68,   263,   1,   66,
733068,   20070127,   298,   1,   76,   189,   -1,   72,
733068,   20070127,   101,   1,   72,   240,   -1,   56,
733068,   20070127,   190,   -1,   85,   241,   1,   78,
733068,   20070127,   35,   -1,   79,   61,   1,   68,
733068,   20070127,   187,   1,   79,   303,   -1,   62,
733068,   20070127,   24,   -1,   75,   112,   1,   57,
733068,   20070127,   238,   -1,   74,   218,   1,   70,
733068,   20070127,   57,   -1,   62,   111,   1,   59,
733069,   20070128,   132,   1,   76,   272,   -1,   57,
733069,   20070128,   311,   -1,   64,   48,   1,   63,
733069,   20070128,   6,   -1,   71,   188,   1,   64,
733069,   20070128,   330,   -1,   57,   120,   1,   46,
733069,   20070128,   19,   1,   69,   205,   -1,   57,
733069,   20070128,   309,   -1,   71,   267,   1,   61,
733069,   20070128,   324,   1,   64,   69,   -1,   52,
733069,   20070128,   151,   -1,   70,   253,   1,   68,
733069,   20070128,   251,   1,   90,   198,   -1,   89,
733069,   20070128,   98,   1,   57,   147,   -1,   54,
733069,   20070128,   312,   -1,   73,   100,   1,   65,
733069,   20070128,   156,   1,   51,   23,   -1,   48,
733069,   20070128,   84,   1,   68,   192,   -1,   56,
733069,   20070128,   73,   1,   75,   25,   -1,   61,
733069,   20070128,   154,   -1,   66,   43,   1,   61,
733069,   20070128,   141,   1,   69,   107,   -1,   64,
733069,   20070128,   265,   1,   75,   292,   -1,   68,
733069,   20070128,   155,   1,   68,   135,   -1,   60,
733069,   20070128,   77,   1,   89,   31,   -1,   76,
733070,   20070129,   41,   -1,   65,   224,   1,   54,
733070,   20070129,   296,   1,   65,   94,   -1,   62,
733070,   20070129,   66,   1,   72,   108,   -1,   68,
733070,   20070129,   281,   -1,   69,   127,   1,   60,
733070,   20070129,   42,   1,   86,   50,   -1,   77,
733070,   20070129,   209,   1,   92,   99,   -1,   57,
733070,   20070129,   32,   1,   71,   114,   -1,   45,
733070,   20070129,   72,   -1,   68,   199,   1,   59,
733070,   20070129,   297,   1,   65,   96,   -1,   58,
733070,   20070129,   217,   -1,   65,   310,   1,   59,
733070,   20070129,   92,   -1,   68,   44,   1,   61,
733070,   20070129,   145,   1,   72,   249,   -1,   71,
733070,   20070129,   87,   1,   83,   318,   -1,   68,
733070,   20070129,   9,   1,   67,   51,   -1,   56,
733070,   20070129,   76,   1,   94,   279,   -1,   57,
733070,   20070129,   103,   -1,   70,   184,   1,   64,
733070,   20070129,   57,   -1,   64,   157,   1,   57,
733070,   20070129,   314,   1,   77,   331,   -1,   74,
733070,   20070129,   195,   -1,   62,   232,   1,   56,
733070,   20070129,   306,   1,   90,   328,   -1,   68,
733070,   20070129,   67,   -1,   62,   22,   1,   46,
733070,   20070129,   247,   1,   79,   221,   -1,   41,
733070,   20070129,   38,   -1,   71,   119,   1,   61,
733070,   20070129,   178,   -1,   57,   237,   1,   51,
733070,   20070129,   164,   -1,   57,   233,   1,   56,
733070,   20070129,   146,   1,   80,   336,   -1,   68,
733070,   20070129,   175,   -1,   66,   111,   1,   53,
733070,   20070129,   110,   1,   59,   262,   -1,   58,
733070,   20070129,   326,   1,   57,   49,   -1,   56,
733070,   20070129,   70,   -1,   78,   45,   1,   68,
733070,   20070129,   229,   -1,   54,   264,   1,   53,
733070,   20070129,   332,   -1,   65,   325,   1,   54,
733070,   20070129,   18,   -1,   75,   246,   1,   73,
733070,   20070129,   5,   -1,   78,   286,   1,   61,
733070,   20070129,   274,   1,   65,   174,   -1,   52,
733070,   20070129,   220,   1,   60,   4,   -1,   58,
733070,   20070129,   124,   1,   59,   13,   -1,   56,
733070,   20070129,   176,   -1,   84,   102,   1,   78,
733070,   20070129,   128,   -1,   76,   186,   1,   56,
733070,   20070129,   240,   -1,   66,   218,   1,   65,
733070,   20070129,   263,   1,   69,   144,   -1,   54,
733070,   20070129,   243,   1,   77,   216,   -1,   55,
733070,   20070129,   101,   1,   91,   238,   -1,   82,
733070,   20070129,   106,   1,   69,   303,   -1,   61,
733071,   20070130,   149,   1,   75,   150,   -1,   74,
733071,   20070130,   30,   -1,   56,   52,   1,   53,
733071,   20070130,   83,   -1,   91,   235,   1,   88,
733071,   20070130,   95,   1,   64,   37,   -1,   55,
733071,   20070130,   319,   -1,   80,   140,   1,   77,
733071,   20070130,   244,   1,   49,   197,   -1,   47,
733071,   20070130,   166,   1,   85,   167,   -1,   73,
733071,   20070130,   64,   -1,   88,   80,   1,   58,
733071,   20070130,   203,   -1,   103,   268,   1,   91,
733071,   20070130,   137,   1,   80,   295,   -1,   65,
733071,   20070130,   161,   1,   62,   182,   -1,   59,
733071,   20070130,   207,   1,   81,   141,   -1,   40,
733071,   20070130,   89,   1,   96,   153,   -1,   79,
733071,   20070130,   320,   1,   85,   100,   -1,   75,
733071,   20070130,   116,   1,   65,   82,   -1,   61,
733071,   20070130,   20,   1,   97,   53,   -1,   83,
733071,   20070130,   126,   1,   72,   273,   -1,   64,
733071,   20070130,   189,   1,   91,   333,   -1,   83,
733071,   20070130,   115,   1,   57,   163,   -1,   50,
733071,   20070130,   298,   -1,   76,   54,   1,   59,
733071,   20070130,   327,   -1,   67,   200,   1,   61,
733072,   20070131,   108,   1,   79,   306,   -1,   68,
733072,   20070131,   328,   1,   65,   127,   -1,   62,
733072,   20070131,   281,   1,   74,   199,   -1,   61,
733072,   20070131,   109,   1,   58,   8,   -1,   47,
733072,   20070131,   96,   1,   89,   66,   -1,   59,
733072,   20070131,   329,   -1,   109,   313,   1,   96,
733072,   20070131,   107,   -1,   75,   225,   1,   65,
733072,   20070131,   206,   -1,   78,   223,   1,   60,
733072,   20070131,   117,   1,   71,   330,   -1,   66,
733072,   20070131,   99,   1,   72,   297,   -1,   60,
733072,   20070131,   196,   1,   105,   160,   -1,   64,
733072,   20070131,   25,   1,   94,   104,   -1,   60,
733072,   20070131,   86,   1,   74,   308,   -1,   64,
733072,   20070131,   90,   1,   67,   257,   -1,   61,
733072,   20070131,   271,   -1,   80,   228,   1,   59,
733072,   20070131,   65,   1,   84,   93,   -1,   69,
733072,   20070131,   74,   1,   93,   334,   -1,   91,
733072,   20070131,   205,   1,   91,   280,   -1,   80,
733072,   20070131,   27,   1,   67,   19,   -1,   57,
733072,   20070131,   131,   1,   61,   34,   -1,   45,
733072,   20070131,   317,   1,   85,   31,   -1,   64,
733072,   20070131,   6,   1,   82,   156,   -1,   58,
733072,   20070131,   23,   1,   66,   267,   -1,   65,
733072,   20070131,   309,   1,   82,   188,   -1,   79,
733072,   20070131,   2,   -1,   70,   77,   1,   60,
733072,   20070131,   324,   -1,   89,   231,   1,   83,
733072,   20070131,   152,   1,   56,   79,   -1,   52,
733072,   20070131,   32,   -1,   71,   336,   1,   58,
733072,   20070131,   239,   -1,   76,   270,   1,   71,
733072,   20070131,   17,   -1,   80,   252,   1,   75,
733072,   20070131,   272,   1,   82,   98,   -1,   71,
733072,   20070131,   43,   1,   87,   133,   -1,   80,
733072,   20070131,   26,   -1,   66,   148,   1,   55,
733072,   20070131,   158,   -1,   87,   291,   1,   65,
733072,   20070131,   187,   -1,   79,   142,   1,   71,
733072,   20070131,   269,   -1,   70,   248,   1,   62,
733072,   20070131,   316,   1,   103,   294,   -1,   96,
733072,   20070131,   120,   -1,   69,   162,   1,   62,
733072,   20070131,   165,   -1,   62,   201,   1,   55,
733072,   20070131,   276,   1,   73,   121,   -1,   49,
733072,   20070131,   143,   -1,   69,   46,   1,   53,
733072,   20070131,   254,   1,   87,   305,   -1,   78,
733072,   20070131,   284,   -1,   79,   283,   1,   78,
733072,   20070131,   250,   -1,   60,   287,   1,   56,
733072,   20070131,   234,   1,   61,   118,   -1,   48,
733072,   20070131,   170,   -1,   87,   71,   1,   82,
733072,   20070131,   110,   1,   70,   227,   -1,   63,
733072,   20070131,   15,   1,   84,   85,   -1,   77,
733072,   20070131,   59,   -1,   82,   28,   1,   71,
733072,   20070131,   129,   1,   80,   168,   -1,   73,
733072,   20070131,   275,   -1,   76,   278,   1,   64,
733072,   20070131,   185,   -1,   70,   312,   1,   59,
733072,   20070131,   3,   -1,   73,   147,   1,   70,
733072,   20070131,   69,   1,   66,   56,   -1,   58,
733072,   20070131,   190,   1,   78,   24,   -1,   68,
733072,   20070131,   33,   -1,   76,   302,   1,   66,
733072,   20070131,   180,   -1,   84,   62,   1,   81,
733072,   20070131,   101,   -1,   90,   265,   1,   86,
733073,   20070201,   138,   -1,   62,   159,   1,   50,
733073,   20070201,   21,   -1,   62,   266,   1,   58,
733073,   20070201,   224,   -1,   73,   258,   1,   70,
733073,   20070201,   41,   1,   74,   177,   -1,   62,
733073,   20070201,   83,   -1,   84,   230,   1,   79,
733073,   20070201,   244,   1,   66,   50,   -1,   65,
733073,   20070201,   123,   1,   79,   45,   -1,   77,
733073,   20070201,   97,   -1,   72,   260,   1,   48,
733073,   20070201,   249,   1,   61,   119,   -1,   60,
733073,   20070201,   70,   1,   76,   325,   -1,   72,
733073,   20070201,   146,   -1,   61,   49,   1,   57,
733073,   20070201,   209,   -1,   62,   72,   1,   52,
733073,   20070201,   251,   -1,   76,   191,   1,   58,
733073,   20070201,   237,   1,   70,   273,   -1,   60,
733073,   20070201,   76,   -1,   69,   174,   1,   61,
733073,   20070201,   315,   1,   45,   40,   -1,   42,
733073,   20070201,   164,   1,   75,   68,   -1,   49,
733073,   20070201,   285,   1,   77,   122,   -1,   61,
733073,   20070201,   236,   1,   76,   301,   -1,   64,
733073,   20070201,   198,   1,   98,   282,   -1,   57,
733073,   20070201,   307,   1,   70,   210,   -1,   67,
733073,   20070201,   135,   1,   89,   193,   -1,   82,
733073,   20070201,   322,   -1,   72,   10,   1,   66,
733073,   20070201,   178,   1,   77,   18,   -1,   68,
733073,   20070201,   12,   1,   86,   88,   -1,   68,
733073,   20070201,   274,   1,   82,   279,   -1,   74,
733073,   20070201,   262,   -1,   73,   261,   1,   62,
733073,   20070201,   75,   1,   73,   126,   -1,   59,
733073,   20070201,   245,   1,   69,   155,   -1,   64,
733073,   20070201,   321,   -1,   66,   11,   1,   61,
733073,   20070201,   173,   1,   84,   78,   -1,   67,
733073,   20070201,   311,   1,   68,   73,   -1,   66,
733073,   20070201,   179,   -1,   102,   113,   1,   98,
733073,   20070201,   219,   -1,   70,   172,   1,   68,
733073,   20070201,   323,   1,   76,   180,   -1,   65,
733073,   20070201,   304,   1,   86,   194,   -1,   55,
733073,   20070201,   106,   -1,   54,   91,   1,   42,
733073,   20070201,   242,   -1,   66,   288,   1,   48,
733073,   20070201,   139,   1,   79,   61,   -1,   72,
733073,   20070201,   213,   -1,   89,   289,   1,   82,
733073,   20070201,   241,   -1,   68,   112,   1,   65,
733073,   20070201,   292,   1,   69,   211,   -1,   57,
733073,   20070201,   299,   1,   73,   212,   -1,   56,
733074,   20070202,   192,   1,   81,   149,   -1,   70,
733074,   20070202,   81,   1,   63,   95,   -1,   61,
733074,   20070202,   335,   1,   43,   221,   -1,   35,
733074,   20070202,   58,   -1,   74,   63,   1,   61,
733074,   20070202,   235,   1,   80,   140,   -1,   72,
733074,   20070202,   214,   -1,   77,   29,   1,   61,
733074,   20070202,   55,   -1,   90,   105,   1,   70,
733074,   20070202,   84,   -1,   67,   38,   1,   63,
733074,   20070202,   130,   1,   74,   37,   -1,   64,
733074,   20070202,   30,   -1,   78,   183,   1,   63,
733075,   20070203,   154,   1,   72,   228,   -1,   56,
733075,   20070203,   2,   1,   70,   19,   -1,   52,
733075,   20070203,   131,   1,   82,   77,   -1,   46,
733075,   20070203,   31,   1,   80,   182,   -1,   74,
733075,   20070203,   324,   -1,   81,   247,   1,   70,
733075,   20070203,   310,   1,   57,   143,   -1,   53,
733075,   20070203,   56,   1,   61,   231,   -1,   50,
733075,   20070203,   158,   1,   88,   250,   -1,   52,
733075,   20070203,   223,   -1,   69,   215,   1,   59,
733075,   20070203,   224,   1,   70,   177,   -1,   62,
733075,   20070203,   52,   -1,   42,   16,   1,   38,
733075,   20070203,   100,   1,   80,   48,   -1,   62,
733075,   20070203,   25,   1,   80,   312,   -1,   59,
733075,   20070203,   226,   -1,   45,   90,   1,   44,
733075,   20070203,   26,   1,   59,   104,   -1,   51,
733075,   20070203,   314,   -1,   78,   47,   1,   68,
733075,   20070203,   10,   1,   84,   321,   -1,   54,
733075,   20070203,   186,   -1,   66,   168,   1,   61,
733075,   20070203,   64,   1,   75,   296,   -1,   65,
733075,   20070203,   72,   1,   66,   281,   -1,   56,
733075,   20070203,   330,   1,   69,   201,   -1,   52,
733075,   20070203,   132,   -1,   82,   14,   1,   74,
733075,   20070203,   50,   1,   108,   313,   -1,   99,
733075,   20070203,   166,   -1,   82,   17,   1,   59,
733075,   20070203,   262,   1,   63,   93,   -1,   53,
733075,   20070203,   32,   1,   66,   326,   -1,   47,
733075,   20070203,   74,   -1,   111,   257,   1,   92,
733075,   20070203,   151,   1,   69,   222,   -1,   62,
733075,   20070203,   119,   1,   69,   229,   -1,   57,
733075,   20070203,   120,   1,   81,   117,   -1,   75,
733075,   20070203,   234,   -1,   54,   327,   1,   46,
733075,   20070203,   285,   1,   72,   194,   -1,   60,
733075,   20070203,   141,   1,   75,   175,   -1,   73,
733075,   20070203,   1,   1,   88,   333,   -1,   43,
733075,   20070203,   202,   1,   78,   39,   -1,   66,
733075,   20070203,   3,   1,   64,   252,   -1,   61,
733075,   20070203,   86,   1,   94,   272,   -1,   78,
733075,   20070203,   148,   -1,   65,   188,   1,   56,
733075,   20070203,   109,   1,   74,   134,   -1,   52,
733075,   20070203,   299,   1,   71,   211,   -1,   68,
733075,   20070203,   129,   -1,   73,   275,   1,   72,
733075,   20070203,   101,   -1,   82,   216,   1,   57,
733075,   20070203,   185,   1,   83,   196,   -1,   79,
733075,   20070203,   232,   -1,   65,   111,   1,   58,
733075,   20070203,   184,   -1,   70,   157,   1,   57,
733075,   20070203,   108,   1,   82,   199,   -1,   66,
733075,   20070203,   206,   -1,   63,   163,   1,   54,
733075,   20070203,   53,   1,   89,   208,   -1,   77,
733075,   20070203,   334,   1,   91,   43,   -1,   57,
733075,   20070203,   67,   1,   53,   57,   -1,   45,
733075,   20070203,   268,   1,   75,   69,   -1,   69,
733075,   20070203,   332,   -1,   66,   70,   1,   59,
733075,   20070203,   170,   -1,   71,   118,   1,   42,
733075,   20070203,   329,   -1,   88,   295,   1,   69,
733075,   20070203,   300,   -1,   110,   277,   1,   103,
733075,   20070203,   167,   1,   85,   147,   -1,   78,
733075,   20070203,   292,   1,   82,   212,   -1,   35,
733075,   20070203,   33,   1,   90,   298,   -1,   63,
733075,   20070203,   92,   1,   76,   9,   -1,   72,
733075,   20070203,   325,   -1,   79,   49,   1,   66,
733075,   20070203,   335,   1,   77,   214,   -1,   68,
733075,   20070203,   125,   1,   75,   197,   -1,   61,
733075,   20070203,   103,   1,   67,   22,   -1,   45,
733075,   20070203,   195,   1,   81,   87,   -1,   68,
733075,   20070203,   193,   1,   61,   155,   -1,   53,
733075,   20070203,   121,   1,   71,   20,   -1,   58,
733075,   20070203,   209,   -1,   66,   96,   1,   56,
733075,   20070203,   189,   -1,   70,   54,   1,   66,
733075,   20070203,   21,   -1,   84,   159,   1,   77,
733075,   20070203,   55,   -1,   61,   63,   1,   55,
733075,   20070203,   266,   1,   69,   138,   -1,   67,
733075,   20070203,   171,   1,   69,   258,   -1,   60,
733075,   20070203,   230,   1,   76,   259,   -1,   68,
733075,   20070203,   127,   -1,   69,   66,   1,   64,
733075,   20070203,   331,   1,   71,   80,   -1,   64,
733075,   20070203,   301,   1,   48,   248,   -1,   45,
733075,   20070203,   240,   -1,   98,   238,   1,   88,
733075,   20070203,   137,   1,   96,   107,   -1,   79,
733075,   20070203,   311,   1,   81,   160,   -1,   70,
733075,   20070203,   105,   1,   65,   58,   -1,   64,
733075,   20070203,   29,   1,   63,   221,   -1,   48,
733075,   20070203,   204,   -1,   70,   123,   1,   60,
733075,   20070203,   176,   -1,   65,   4,   1,   54,
733075,   20070203,   5,   1,   60,   13,   -1,   56,
733075,   20070203,   297,   -1,   67,   328,   1,   61,
733075,   20070203,   246,   -1,   73,   279,   1,   69,
733075,   20070203,   205,   -1,   74,   34,   1,   73,
733075,   20070203,   280,   1,   64,   27,   -1,   48,
733075,   20070203,   308,   1,   66,   98,   -1,   61,
733075,   20070203,   6,   1,   65,   23,   -1,   62,
733075,   20070203,   267,   -1,   56,   156,   1,   39,
733075,   20070203,   152,   1,   61,   287,   -1,   54,
733075,   20070203,   322,   -1,   48,   11,   1,   47,
733075,   20070203,   136,   -1,   56,   8,   1,   54,
733075,   20070203,   42,   1,   84,   225,   -1,   70,
733075,   20070203,   306,   1,   100,   99,   -1,   71,
733075,   20070203,   161,   1,   62,   317,   -1,   59,
733075,   20070203,   44,   -1,   62,   94,   1,   57,
733075,   20070203,   291,   1,   63,   284,   -1,   53,
733075,   20070203,   150,   1,   71,   145,   -1,   66,
733075,   20070203,   139,   1,   92,   213,   -1,   64,
733075,   20070203,   336,   1,   92,   114,   -1,   87,
733075,   20070203,   59,   -1,   67,   71,   1,   62,
733075,   20070203,   290,   1,   82,   60,   -1,   76,
733075,   20070203,   210,   -1,   67,   315,   1,   60,
733075,   20070203,   251,   -1,   61,   164,   1,   38,
733075,   20070203,   142,   1,   84,   24,   -1,   76,
733075,   20070203,   236,   -1,   84,   269,   1,   79,
733075,   20070203,   294,   -1,   58,   12,   1,   57,
733075,   20070203,   245,   1,   73,   135,   -1,   64,
733075,   20070203,   302,   -1,   70,   270,   1,   65,
733075,   20070203,   207,   1,   75,   278,   -1,   61,
733075,   20070203,   198,   1,   74,   316,   -1,   70,
733075,   20070203,   115,   1,   59,   165,   -1,   49,
733075,   20070203,   153,   -1,   79,   320,   1,   72,
733075,   20070203,   181,   -1,   78,   233,   1,   60,
733075,   20070203,   253,   1,   69,   203,   -1,   63,
733075,   20070203,   283,   -1,   79,   254,   1,   64,
733075,   20070203,   293,   1,   67,   191,   -1,   64,
733075,   20070203,   187,   1,   69,   106,   -1,   68,
733075,   20070203,   307,   1,   68,   40,   -1,   50,
733075,   20070203,   28,   -1,   70,   116,   1,   62,
733075,   20070203,   200,   -1,   79,   82,   1,   71,
733075,   20070203,   227,   1,   83,   79,   -1,   74,
733075,   20070203,   18,   -1,   62,   273,   1,   53,
733075,   20070203,   76,   1,   92,   274,   -1,   90,
733075,   20070203,   220,   -1,   66,   286,   1,   65,
733075,   20070203,   282,   1,   92,   85,   -1,   87,
733075,   20070203,   178,   -1,   63,   126,   1,   61,
733075,   20070203,   255,   1,   76,   102,   -1,   43,
733075,   20070203,   7,   1,   88,   124,   -1,   80,
733075,   20070203,   237,   -1,   53,   75,   1,   48,
733075,   20070203,   173,   1,   79,   219,   -1,   71,
733075,   20070203,   276,   -1,   69,   128,   1,   66,
733075,   20070203,   113,   1,   85,   62,   -1,   62,
733075,   20070203,   323,   1,   86,   179,   -1,   79,
733075,   20070203,   172,   1,   85,   78,   -1,   78,
733075,   20070203,   304,   1,   96,   122,   -1,   66,
733075,   20070203,   303,   1,   66,   241,   -1,   57,
733075,   20070203,   305,   1,   79,   110,   -1,   71,
733075,   20070203,   265,   -1,   90,   36,   1,   71,
733075,   20070203,   256,   1,   66,   169,   -1,   59,
733075,   20070203,   144,   1,   74,   218,   -1,   59,
733075,   20070203,   35,   -1,   88,   288,   1,   64,
733075,   20070203,   91,   -1,   72,   112,   1,   70,
733075,   20070203,   289,   1,   75,   61,   -1,   66,
733075,   20070203,   243,   -1,   63,   263,   1,   57,
733076,   20070204,   271,   1,   89,   133,   -1,   64,
733076,   20070204,   260,   -1,   73,   46,   1,   64,
733076,   20070204,   192,   1,   79,   38,   -1,   61,
733076,   20070204,   249,   1,   66,   264,   -1,   50,
733076,   20070204,   130,   1,   59,   95,   -1,   56,
733076,   20070204,   89,   -1,   68,   73,   1,   67,
733076,   20070204,   261,   1,   71,   65,   -1,   65,
733076,   20070204,   68,   1,   76,   15,   -1,   68,
733077,   20070205,   81,   1,   87,   37,   -1,   57,
733077,   20070205,   51,   1,   76,   314,   -1,   64,
733077,   20070205,   331,   1,   80,   296,   -1,   75,
733077,   20070205,   83,   1,   64,   171,   -1,   63,
733077,   20070205,   319,   1,   80,   235,   -1,   76,
733077,   20070205,   313,   -1,   105,   42,   1,   97,
733077,   20070205,   50,   1,   85,   225,   -1,   67,
733077,   20070205,   332,   1,   76,   326,   -1,   50,
733077,   20070205,   47,   1,   52,   80,   -1,   49,
733077,   20070205,   6,   -1,   61,   104,   1,   55,
733077,   20070205,   309,   1,   72,   26,   -1,   63,
733077,   20070205,   56,   1,   67,   268,   -1,   60,
733077,   20070205,   118,   1,   59,   200,   -1,   46,
733077,   20070205,   111,   1,   80,   184,   -1,   75,
733077,   20070205,   232,   -1,   77,   157,   1,   74,
733077,   20070205,   9,   -1,   77,   94,   1,   55,
733077,   20070205,   175,   -1,   54,   67,   1,   40,
733077,   20070205,   84,   1,   65,   145,   -1,   62,
733077,   20070205,   150,   -1,   79,   229,   1,   78,
733077,   20070205,   103,   1,   74,   87,   -1,   72,
733077,   20070205,   195,   1,   66,   22,   -1,   52,
733077,   20070205,   307,   -1,   91,   45,   1,   76,
733077,   20070205,   124,   -1,   64,   255,   1,   57,
733077,   20070205,   13,   -1,   66,   4,   1,   65,
733077,   20070205,   102,   -1,   83,   7,   1,   76,
733077,   20070205,   276,   1,   100,   275,   -1,   82,
733077,   20070205,   176,   -1,   52,   5,   1,   44,
733077,   20070205,   303,   1,   75,   190,   -1,   63,
733077,   20070205,   218,   -1,   87,   216,   1,   76,
733077,   20070205,   238,   -1,   76,   263,   1,   72,
733077,   20070205,   243,   1,   74,   240,   -1,   62,
733077,   20070205,   144,   1,   67,   101,   -1,   61,
733077,   20070205,   41,   -1,   96,   140,   1,   75,
733078,   20070206,   320,   1,   87,   318,   -1,   71,
733078,   20070206,   329,   1,   80,   137,   -1,   76,
733078,   20070206,   107,   -1,   70,   244,   1,   49,
733078,   20070206,   206,   1,   76,   162,   -1,   63,
733078,   20070206,   100,   1,   74,   185,   -1,   65,
733078,   20070206,   310,   1,   56,   261,   -1,   39,
733078,   20070206,   205,   -1,   78,   317,   1,   73,
733078,   20070206,   64,   1,   87,   44,   -1,   57,
733078,   20070206,   131,   1,   64,   280,   -1,   60,
733078,   20070206,   149,   1,   58,   264,   -1,   51,
733078,   20070206,   222,   1,   71,   46,   -1,   70,
733078,   20070206,   85,   -1,   81,   141,   1,   63,
733078,   20070206,   30,   -1,   69,   8,   1,   66,
733078,   20070206,   186,   -1,   61,   278,   1,   59,
733078,   20070206,   168,   -1,   77,   121,   1,   55,
733078,   20070206,   33,   -1,   77,   333,   1,   73,
733078,   20070206,   311,   -1,   69,   153,   1,   65,
733078,   20070206,   272,   1,   70,   147,   -1,   67,
733078,   20070206,   304,   1,   88,   288,   -1,   59,
733078,   20070206,   170,   1,   73,   116,   -1,   61,
733078,   20070206,   239,   1,   62,   1,   -1,   41,
733078,   20070206,   279,   -1,   76,   273,   1,   74,
733078,   20070206,   109,   -1,   70,   16,   1,   54,
733079,   20070207,   334,   1,   76,   262,   -1,   57,
733079,   20070207,   52,   -1,   54,   134,   1,   51,
733079,   20070207,   328,   -1,   71,   127,   1,   56,
733079,   20070207,   199,   1,   65,   281,   -1,   55,
733079,   20070207,   183,   -1,   70,   136,   1,   65,
733079,   20070207,   66,   1,   78,   297,   -1,   69,
733079,   20070207,   115,   -1,   58,   201,   1,   43,
733079,   20070207,   209,   -1,   68,   99,   1,   55,
733079,   20070207,   161,   -1,   74,   77,   1,   64,
733079,   20070207,   271,   1,   109,   257,   -1,   70,
733079,   20070207,   74,   -1,   111,   133,   1,   105,
733079,   20070207,   65,   1,   57,   90,   -1,   45,
733079,   20070207,   2,   1,   78,   34,   -1,   71,
733079,   20070207,   19,   1,   79,   31,   -1,   73,
733079,   20070207,   97,   -1,   73,   143,   1,   65,
733079,   20070207,   291,   -1,   67,   79,   1,   49,
733079,   20070207,   48,   1,   71,   89,   -1,   58,
733079,   20070207,   25,   -1,   75,   160,   1,   68,
733079,   20070207,   86,   -1,   71,   98,   1,   61,
733079,   20070207,   43,   1,   61,   228,   -1,   46,
733079,   20070207,   6,   -1,   71,   148,   1,   55,
733079,   20070207,   217,   -1,   60,   324,   1,   47,
733079,   20070207,   260,   1,   66,   253,   -1,   62,
733079,   20070207,   223,   1,   62,   163,   -1,   38,
733079,   20070207,   120,   -1,   91,   165,   1,   78,
733079,   20070207,   330,   -1,   71,   215,   1,   58,
733079,   20070207,   132,   1,   95,   252,   -1,   89,
733079,   20070207,   332,   -1,   74,   114,   1,   64,
733079,   20070207,   146,   1,   71,   70,   -1,   61,
733079,   20070207,   3,   1,   80,   167,   -1,   79,
733079,   20070207,   182,   1,   73,   27,   -1,   51,
733079,   20070207,   14,   1,   65,   17,   -1,   57,
733079,   20070207,   151,   1,   67,   231,   -1,   47,
733079,   20070207,   283,   1,   92,   305,   -1,   67,
733079,   20070207,   110,   -1,   64,   250,   1,   49,
733079,   20070207,   248,   -1,   60,   39,   1,   54,
733079,   20070207,   59,   1,   79,   82,   -1,   74,
733079,   20070207,   284,   1,   63,   152,   -1,   60,
733079,   20070207,   227,   1,   70,   254,   -1,   55,
733079,   20070207,   234,   1,   60,   28,   -1,   50,
733079,   20070207,   128,   1,   97,   129,   -1,   70,
733079,   20070207,   302,   1,   82,   54,   -1,   77,
733079,   20070207,   207,   1,   67,   208,   -1,   60,
733079,   20070207,   196,   -1,   79,   73,   1,   73,
733079,   20070207,   172,   1,   76,   62,   -1,   69,
733079,   20070207,   24,   1,   86,   112,   -1,   63,
733079,   20070207,   298,   1,   82,   270,   -1,   67,
733079,   20070207,   78,   1,   89,   323,   -1,   74,
733079,   20070207,   292,   1,   70,   299,   -1,   65,
733080,   20070208,   282,   -1,   56,   88,   1,   51,
733080,   20070208,   125,   1,   74,   81,   -1,   66,
733080,   20070208,   130,   -1,   68,   197,   1,   66,
733080,   20070208,   95,   1,   69,   159,   -1,   68,
733080,   20070208,   194,   1,   67,   233,   -1,   62,
733080,   20070208,   315,   -1,   64,   204,   1,   63,
733080,   20070208,   224,   1,   79,   235,   -1,   75,
733080,   20070208,   177,   1,   58,   259,   -1,   43,
733080,   20070208,   122,   1,   72,   181,   -1,   69,
733080,   20070208,   171,   -1,   70,   319,   1,   63,
733080,   20070208,   37,   1,   104,   266,   -1,   82,
733080,   20070208,   32,   -1,   92,   49,   1,   50,
733080,   20070208,   306,   1,   63,   96,   -1,   49,
733080,   20070208,   123,   1,   68,   307,   -1,   54,
733080,   20070208,   26,   1,   66,   23,   -1,   54,
733080,   20070208,   104,   1,   62,   188,   -1,   46,
733080,   20070208,   309,   1,   66,   156,   -1,   57,
733080,   20070208,   69,   1,   67,   203,   -1,   66,
733080,   20070208,   236,   -1,   90,   202,   1,   80,
733080,   20070208,   150,   1,   65,   84,   -1,   64,
733080,   20070208,   191,   -1,   64,   198,   1,   62,
733080,   20070208,   294,   1,   82,   164,   -1,   76,
733080,   20070208,   269,   1,   107,   193,   -1,   91,
733080,   20070208,   245,   -1,   64,   301,   1,   57,
733080,   20070208,   300,   1,   76,   135,   -1,   74,
733080,   20070208,   155,   -1,   67,   277,   1,   65,
733080,   20070208,   40,   1,   70,   256,   -1,   63,
733080,   20070208,   154,   1,   77,   226,   -1,   55,
733080,   20070208,   210,   1,   74,   169,   -1,   68,
733080,   20070208,   325,   1,   55,   336,   -1,   46,
733080,   20070208,   251,   1,   73,   316,   -1,   71,
733080,   20070208,   293,   -1,   76,   15,   1,   70,
733080,   20070208,   327,   1,   61,   118,   -1,   45,
733080,   20070208,   71,   -1,   67,   200,   1,   59,
733080,   20070208,   76,   -1,   64,   178,   1,   62,
733080,   20070208,   18,   1,   98,   75,   -1,   71,
733080,   20070208,   211,   1,   55,   11,   -1,   51,
733080,   20070208,   246,   1,   81,   174,   -1,   78,
733080,   20070208,   126,   1,   72,   274,   -1,   71,
733080,   20070208,   173,   1,   74,   62,   -1,   59,
733080,   20070208,   12,   -1,   74,   68,   1,   68,
733080,   20070208,   158,   -1,   70,   287,   1,   56,
733080,   20070208,   113,   -1,   66,   180,   1,   55,
733080,   20070208,   187,   -1,   81,   91,   1,   68,
733080,   20070208,   242,   1,   71,   289,   -1,   62,
733080,   20070208,   139,   -1,   80,   35,   1,   77,
733080,   20070208,   60,   -1,   82,   213,   1,   77,
733080,   20070208,   323,   -1,   64,   219,   1,   62,
733080,   20070208,   322,   1,   58,   265,   -1,   45,
733080,   20070208,   241,   1,   53,   142,   -1,   50,
733080,   20070208,   61,   1,   89,   290,   -1,   69,
733080,   20070208,   10,   -1,   72,   212,   1,   66,
733080,   20070208,   321,   1,   79,   36,   -1,   71,
733080,   20070208,   72,   -1,   95,   108,   1,   87,
733081,   20070209,   335,   -1,   85,   55,   1,   71,
733081,   20070209,   214,   1,   73,   63,   -1,   53,
733081,   20070209,   258,   -1,   71,   83,   1,   69,
733081,   20070209,   30,   1,   48,   109,   -1,   45,
733081,   20070209,   221,   1,   74,   105,   -1,   68,
733081,   20070209,   58,   1,   61,   29,   -1,   59,
733081,   20070209,   192,   -1,   63,   264,   1,   59,
733081,   20070209,   138,   1,   70,   21,   -1,   60,
733081,   20070209,   249,   -1,   71,   119,   1,   53,
733081,   20070209,   229,   1,   75,   149,   -1,   68,
733081,   20070209,   145,   1,   77,   38,   -1,   74,
733082,   20070210,   313,   1,   102,   295,   -1,   88,
733082,   20070210,   117,   1,   65,   115,   -1,   61,
733082,   20070210,   209,   1,   79,   306,   -1,   63,
733082,   20070210,   182,   -1,   81,   205,   1,   74,
733082,   20070210,   97,   1,   76,   151,   -1,   58,
733082,   20070210,   310,   -1,   78,   247,   1,   69,
733082,   20070210,   206,   1,   63,   223,   -1,   56,
733082,   20070210,   324,   1,   70,   292,   -1,   65,
733082,   20070210,   159,   -1,   81,   37,   1,   80,
733082,   20070210,   269,   1,   80,   245,   -1,   74,
733082,   20070210,   9,   1,   72,   331,   -1,   52,
733082,   20070210,   147,   1,   71,   14,   -1,   67,
733082,   20070210,   204,   1,   64,   307,   -1,   61,
733082,   20070210,   261,   -1,   72,   133,   1,   50,
733082,   20070210,   275,   1,   77,   121,   -1,   68,
733082,   20070210,   196,   1,   104,   320,   -1,   67,
733082,   20070210,   181,   -1,   80,   194,   1,   57,
733082,   20070210,   172,   -1,   72,   173,   1,   63,
733082,   20070210,   316,   1,   65,   164,   -1,   53,
733082,   20070210,   281,   1,   92,   99,   -1,   65,
733082,   20070210,   330,   1,   74,   120,   -1,   62,
733082,   20070210,   167,   -1,   91,   17,   1,   83,
733082,   20070210,   77,   -1,   65,   27,   1,   63,
733082,   20070210,   92,   -1,   69,   80,   1,   64,
733082,   20070210,   201,   1,   53,   215,   -1,   51,
733082,   20070210,   18,   -1,   52,   237,   1,   50,
733082,   20070210,   304,   -1,   81,   285,   1,   76,
733082,   20070210,   272,   1,   84,   308,   -1,   57,
733082,   20070210,   161,   1,   66,   19,   -1,   44,
733082,   20070210,   43,   1,   72,   90,   -1,   68,
733082,   20070210,   143,   1,   83,   253,   -1,   63,
733082,   20070210,   239,   -1,   81,   54,   1,   66,
733082,   20070210,   28,   1,   100,   71,   -1,   85,
733082,   20070210,   10,   -1,   77,   211,   1,   74,
733082,   20070210,   128,   -1,   92,   168,   1,   74,
733082,   20070210,   81,   -1,   56,   197,   1,   51,
733082,   20070210,   183,   -1,   70,   134,   1,   63,
733082,   20070210,   41,   1,   94,   224,   -1,   71,
733082,   20070210,   103,   -1,   67,   175,   1,   65,
733082,   20070210,   67,   -1,   59,   111,   1,   40,
733082,   20070210,   108,   -1,   68,   96,   1,   60,
733082,   20070210,   72,   1,   77,   66,   -1,   62,
733082,   20070210,   208,   1,   93,   278,   -1,   91,
733082,   20070210,   235,   1,   81,   319,   -1,   79,
733082,   20070210,   57,   1,   77,   195,   -1,   70,
733082,   20070210,   207,   -1,   68,   20,   1,   64,
733082,   20070210,   300,   -1,   52,   155,   1,   46,
733082,   20070210,   329,   1,   77,   225,   -1,   58,
733082,   20070210,   160,   1,   80,   185,   -1,   65,
733082,   20070210,   312,   1,   84,   311,   -1,   57,
733082,   20070210,   22,   -1,   58,   184,   1,   55,
733082,   20070210,   231,   1,   73,   46,   -1,   69,
733082,   20070210,   114,   -1,   75,   70,   1,   67,
733082,   20070210,   51,   -1,   81,   296,   1,   59,
733082,   20070210,   322,   1,   59,   36,   -1,   46,
733082,   20070210,   166,   1,   75,   3,   -1,   69,
733082,   20070210,   254,   1,   70,   284,   -1,   65,
733082,   20070210,   1,   -1,   60,   189,   1,   51,
733082,   20070210,   212,   1,   59,   11,   -1,   55,
733082,   20070210,   125,   1,   76,   130,   -1,   72,
733082,   20070210,   129,   1,   78,   53,   -1,   59,
733082,   20070210,   24,   -1,   65,   241,   1,   64,
733082,   20070210,   87,   -1,   72,   232,   1,   69,
733082,   20070210,   217,   1,   74,   222,   -1,   68,
733082,   20070210,   287,   1,   73,   305,   -1,   64,
733082,   20070210,   234,   1,   72,   59,   -1,   68,
733082,   20070210,   58,   1,   60,   335,   -1,   59,
733082,   20070210,   76,   -1,   66,   246,   1,   61,
733082,   20070210,   123,   1,   69,   315,   -1,   47,
733082,   20070210,   144,   -1,   71,   238,   1,   66,
733082,   20070210,   122,   1,   68,   233,   -1,   52,
733082,   20070210,   314,   1,   69,   94,   -1,   57,
733082,   20070210,   199,   -1,   67,   127,   1,   64,
733082,   20070210,   193,   -1,   65,   301,   1,   54,
733082,   20070210,   107,   1,   71,   50,   -1,   63,
733082,   20070210,   137,   1,   83,   42,   -1,   73,
733082,   20070210,   98,   -1,   73,   252,   1,   54,
733082,   20070210,   214,   1,   67,   105,   -1,   53,
733082,   20070210,   55,   1,   77,   29,   -1,   68,
733082,   20070210,   65,   -1,   69,   257,   1,   62,
733082,   20070210,   230,   -1,   65,   177,   1,   60,
733082,   20070210,   332,   1,   77,   32,   -1,   65,
733082,   20070210,   328,   -1,   61,   297,   1,   55,
733082,   20070210,   44,   1,   73,   47,   -1,   43,
733082,   20070210,   95,   1,   73,   266,   -1,   48,
733082,   20070210,   34,   -1,   59,   31,   1,   56,
733082,   20070210,   280,   1,   68,   2,   -1,   65,
733082,   20070210,   35,   1,   89,   289,   -1,   80,
733082,   20070210,   63,   -1,   45,   221,   1,   44,
733082,   20070210,   136,   1,   75,   16,   -1,   64,
733082,   20070210,   291,   1,   75,   152,   -1,   58,
733082,   20070210,   191,   1,   89,   68,   -1,   66,
733082,   20070210,   40,   1,   69,   169,   -1,   68,
733082,   20070210,   294,   1,   66,   198,   -1,   62,
733082,   20070210,   236,   1,   81,   39,   -1,   68,
733082,   20070210,   12,   1,   79,   282,   -1,   71,
733082,   20070210,   33,   -1,   85,   270,   1,   72,
733082,   20070210,   162,   1,   82,   165,   -1,   80,
733082,   20070210,   85,   1,   85,   88,   -1,   78,
733082,   20070210,   276,   -1,   66,   186,   1,   55,
733082,   20070210,   334,   -1,   87,   93,   1,   58,
733082,   20070210,   110,   1,   83,   79,   -1,   59,
733082,   20070210,   158,   1,   95,   283,   -1,   51,
733082,   20070210,   227,   -1,   63,   250,   1,   60,
733082,   20070210,   210,   1,   79,   256,   -1,   57,
733082,   20070210,   135,   1,   96,   277,   -1,   69,
733082,   20070210,   146,   -1,   69,   325,   1,   52,
733082,   20070210,   170,   -1,   62,   200,   1,   58,
733082,   20070210,   274,   1,   86,   273,   -1,   66,
733082,   20070210,   286,   -1,   90,   124,   1,   83,
733082,   20070210,   178,   1,   74,   174,   -1,   62,
733082,   20070210,   13,   1,   73,   255,   -1,   58,
733082,   20070210,   5,   1,   74,   4,   -1,   70,
733082,   20070210,   102,   1,   87,   220,   -1,   73,
733082,   20070210,   176,   1,   76,   7,   -1,   63,
733082,   20070210,   75,   1,   74,   279,   -1,   59,
733082,   20070210,   179,   1,   73,   113,   -1,   63,
733082,   20070210,   86,   -1,   64,   132,   1,   61,
733082,   20070210,   91,   1,   75,   190,   -1,   69,
733082,   20070210,   139,   -1,   68,   242,   1,   67,
733082,   20070210,   213,   1,   86,   290,   -1,   66,
733082,   20070210,   243,   -1,   76,   218,   1,   53,
733082,   20070210,   240,   1,   82,   216,   -1,   70,
733082,   20070210,   298,   1,   80,   333,   -1,   70,
733082,   20070210,   60,   -1,   75,   61,   1,   73,
733082,   20070210,   219,   -1,   92,   78,   1,   86,
733082,   20070210,   303,   -1,   75,   112,   1,   66,
733082,   20070210,   101,   1,   60,   263,   -1,   49,
733082,   20070210,   106,   1,   74,   142,   -1,   50,
733083,   20070211,   100,   1,   65,   56,   -1,   52,
733083,   20070211,   23,   1,   67,   148,   -1,   40,
733083,   20070211,   188,   1,   60,   26,   -1,   55,
733083,   20070211,   140,   -1,   82,   258,   1,   79,
733083,   20070211,   271,   1,   98,   154,   -1,   89,
733083,   20070211,   226,   -1,   111,   74,   1,   87,
733083,   20070211,   317,   1,   79,   131,   -1,   57,
733083,   20070211,   309,   -1,   67,   6,   1,   63,
733083,   20070211,   104,   -1,   59,   267,   1,   44,
733083,   20070211,   268,   1,   76,   260,   -1,   74,
733083,   20070211,   249,   -1,   82,   264,   1,   65,
733083,   20070211,   229,   1,   98,   38,   -1,   88,
733083,   20070211,   25,   -1,   68,   89,   1,   67,
733083,   20070211,   327,   1,   69,   116,   -1,   64,
733083,   20070211,   150,   -1,   79,   119,   1,   53,
733083,   20070211,   84,   -1,   67,   145,   1,   59,
733083,   20070211,   192,   -1,   76,   149,   1,   74,
733083,   20070211,   251,   1,   85,   15,   -1,   67,
733083,   20070211,   82,   1,   76,   118,   -1,   61,
733083,   20070211,   153,   1,   72,   73,   -1,   60,
733083,   20070211,   321,   1,   64,   265,   -1,   52,
733083,   20070211,   8,   -1,   64,   52,   1,   58,
733084,   20070212,   64,   -1,   73,   51,   1,   63,
733084,   20070212,   41,   -1,   80,   235,   1,   66,
733084,   20070212,   50,   -1,   77,   137,   1,   76,
733084,   20070212,   94,   -1,   57,   92,   1,   55,
733084,   20070212,   143,   -1,   66,   217,   1,   53,
733084,   20070212,   331,   -1,   61,   47,   1,   49,
733084,   20070212,   103,   -1,   71,   57,   1,   56,
733084,   20070212,   67,   1,   69,   157,   -1,   59,
733084,   20070212,   296,   1,   86,   80,   -1,   73,
733084,   20070212,   44,   -1,   75,   314,   1,   72,
733084,   20070212,   175,   1,   71,   195,   -1,   61,
733084,   20070212,   184,   1,   90,   87,   -1,   82,
733084,   20070212,   22,   -1,   46,   232,   1,   44,
733084,   20070212,   97,   1,   71,   324,   -1,   53,
733084,   20070212,   83,   -1,   84,   171,   1,   71,
733084,   20070212,   4,   1,   79,   318,   -1,   63,
733084,   20070212,   18,   1,   89,   273,   -1,   44,
733084,   20070212,   286,   -1,   76,   102,   1,   68,
733084,   20070212,   255,   -1,   63,   176,   1,   62,
733084,   20070212,   124,   1,   79,   220,   -1,   67,
733084,   20070212,   13,   1,   78,   7,   -1,   56,
733084,   20070212,   275,   1,   83,   208,   -1,   54,
733084,   20070212,   238,   1,   97,   216,   -1,   85,
733084,   20070212,   243,   -1,   84,   101,   1,   73,
733084,   20070212,   218,   1,   55,   263,   -1,   47,
733084,   20070212,   240,   1,   76,   144,   -1,   69,
733084,   20070212,   202,   -1,   67,   248,   1,   57,
733084,   20070212,   190,   -1,   71,   106,   1,   68,
733085,   20070213,   76,   1,   46,   237,   -1,   38,
733085,   20070213,   311,   1,   90,   141,   -1,   49,
733085,   20070213,   126,   -1,   57,   174,   1,   52,
733085,   20070213,   278,   -1,   77,   276,   1,   75,
733085,   20070213,   272,   1,   89,   132,   -1,   85,
733085,   20070213,   214,   1,   48,   221,   -1,   35,
733085,   20070213,   2,   1,   79,   205,   -1,   48,
733085,   20070213,   31,   1,   98,   27,   -1,   90,
733085,   20070213,   280,   1,   68,   77,   -1,   56,
733085,   20070213,   266,   1,   88,   244,   -1,   74,
733085,   20070213,   209,   1,   96,   108,   -1,   82,
733085,   20070213,   43,   1,   80,   293,   -1,   56,
733085,   20070213,   192,   -1,   89,   38,   1,   88,
733085,   20070213,   186,   1,   74,   129,   -1,   63,
733085,   20070213,   121,   1,   58,   207,   -1,   51,
733085,   20070213,   312,   -1,   81,   196,   1,   80,
733085,   20070213,   100,   -1,   63,   89,   1,   57,
733085,   20070213,   19,   -1,   57,   182,   1,   55,
733085,   20070213,   234,   -1,   51,   170,   1,   47,
733085,   20070213,   274,   -1,   65,   279,   1,   61,
733085,   20070213,   75,   1,   77,   246,   -1,   69,
733085,   20070213,   163,   1,   59,   162,   -1,   44,
733085,   20070213,   54,   1,   82,   270,   -1,   66,
733085,   20070213,   59,   1,   66,   200,   -1,   55,
733085,   20070213,   239,   1,   67,   298,   -1,   52,
733086,   20070214,   131,   1,   61,   161,   -1,   45,
733086,   20070214,   296,   1,   79,   314,   -1,   68,
733086,   20070214,   281,   1,   76,   127,   -1,   62,
733086,   20070214,   136,   -1,   56,   52,   1,   53,
733086,   20070214,   96,   -1,   66,   66,   1,   46,
733086,   20070214,   107,   -1,   69,   295,   1,   67,
733086,   20070214,   329,   1,   78,   42,   -1,   54,
733086,   20070214,   206,   -1,   64,   215,   1,   62,
733086,   20070214,   99,   1,   71,   199,   -1,   65,
733086,   20070214,   9,   1,   85,   44,   -1,   69,
733086,   20070214,   153,   -1,   85,   185,   1,   70,
733086,   20070214,   320,   1,   67,   48,   -1,   65,
733086,   20070214,   226,   1,   83,   262,   -1,   67,
733086,   20070214,   332,   1,   68,   49,   -1,   55,
733086,   20070214,   168,   1,   78,   20,   -1,   71,
733086,   20070214,   328,   1,   60,   72,   -1,   47,
733086,   20070214,   306,   -1,   78,   297,   1,   68,
733086,   20070214,   261,   1,   62,   93,   -1,   56,
733086,   20070214,   133,   1,   77,   271,   -1,   72,
733086,   20070214,   228,   1,   69,   74,   -1,   66,
733086,   20070214,   225,   1,   114,   313,   -1,   107,
733086,   20070214,   34,   1,   71,   317,   -1,   66,
733086,   20070214,   268,   -1,   70,   253,   1,   53,
733086,   20070214,   254,   -1,   80,   79,   1,   42,
733086,   20070214,   152,   1,   52,   250,   -1,   49,
733086,   20070214,   145,   1,   95,   229,   -1,   73,
733086,   20070214,   336,   1,   82,   70,   -1,   70,
733086,   20070214,   116,   -1,   68,   118,   1,   53,
733086,   20070214,   8,   1,   64,   16,   -1,   49,
733086,   20070214,   309,   -1,   90,   148,   1,   75,
733086,   20070214,   56,   1,   67,   247,   -1,   55,
733086,   20070214,   249,   -1,   69,   84,   1,   64,
733086,   20070214,   236,   1,   63,   248,   -1,   51,
733086,   20070214,   85,   -1,   78,   316,   1,   73,
733086,   20070214,   142,   1,   68,   112,   -1,   59,
733086,   20070214,   251,   -1,   66,   110,   1,   61,
733086,   20070214,   155,   1,   83,   202,   -1,   81,
733086,   20070214,   330,   -1,   75,   165,   1,   62,
733086,   20070214,   308,   1,   78,   252,   -1,   68,
733086,   20070214,   166,   1,   71,   147,   -1,   70,
733086,   20070214,   86,   1,   76,   3,   -1,   67,
733086,   20070214,   146,   -1,   66,   326,   1,   56,
733086,   20070214,   325,   -1,   65,   114,   1,   55,
733086,   20070214,   167,   1,   84,   14,   -1,   60,
733086,   20070214,   287,   1,   84,   227,   -1,   73,
733086,   20070214,   283,   1,   86,   291,   -1,   80,
733086,   20070214,   28,   -1,   72,   82,   1,   71,
733086,   20070214,   71,   1,   62,   327,   -1,   58,
733086,   20070214,   158,   -1,   69,   284,   1,   52,
733086,   20070214,   273,   -1,   64,   178,   1,   60,
733086,   20070214,   69,   1,   72,   151,   -1,   67,
733086,   20070214,   128,   -1,   75,   53,   1,   46,
733086,   20070214,   33,   1,   96,   189,   -1,   83,
733086,   20070214,   73,   -1,   78,   25,   1,   70,
733086,   20070214,   310,   1,   64,   46,   -1,   48,
733086,   20070214,   303,   1,   58,   106,   -1,   50,
733086,   20070214,   323,   1,   73,   172,   -1,   67,
733086,   20070214,   35,   1,   86,   242,   -1,   79,
733086,   20070214,   322,   -1,   65,   321,   1,   61,
733086,   20070214,   1,   1,   69,   302,   -1,   43,
733086,   20070214,   187,   1,   68,   241,   -1,   60,
733086,   20070214,   139,   -1,   94,   60,   1,   84,
733086,   20070214,   289,   -1,   66,   290,   1,   61,
733086,   20070214,   62,   1,   90,   173,   -1,   82,
733086,   20070214,   61,   1,   91,   288,   -1,   74,
733086,   20070214,   98,   1,   75,   130,   -1,   66,
733087,   20070215,   299,   -1,   80,   10,   1,   75,
733087,   20070215,   259,   1,   81,   258,   -1,   74,
733087,   20070215,   41,   -1,   70,   171,   1,   65,
733087,   20070215,   141,   1,   76,   137,   -1,   70,
733087,   20070215,   266,   1,   74,   197,   -1,   63,
733087,   20070215,   235,   1,   79,   177,   -1,   51,
733087,   20070215,   140,   -1,   85,   83,   1,   80,
733087,   20070215,   26,   1,   68,   267,   -1,   55,
733087,   20070215,   104,   1,   62,   156,   -1,   54,
733087,   20070215,   203,   1,   81,   222,   -1,   78,
733087,   20070215,   174,   1,   71,   237,   -1,   58,
733087,   20070215,   76,   1,   63,   126,   -1,   51,
733087,   20070215,   80,   -1,   70,   94,   1,   67,
733087,   20070215,   260,   1,   60,   231,   -1,   55,
733087,   20070215,   138,   1,   67,   37,   -1,   64,
733087,   20070215,   169,   1,   80,   204,   -1,   76,
733087,   20070215,   21,   1,   87,   95,   -1,   55,
733087,   20070215,   269,   -1,   99,   277,   1,   89,
733087,   20070215,   285,   1,   63,   233,   -1,   50,
733087,   20070215,   300,   1,   81,   301,   -1,   52,
733087,   20070215,   135,   -1,   86,   39,   1,   82,
733087,   20070215,   307,   1,   80,   315,   -1,   56,
733087,   20070215,   210,   1,   85,   40,   -1,   80,
733087,   20070215,   293,   1,   85,   294,   -1,   56,
733087,   20070215,   292,   -1,   67,   11,   1,   61,
733087,   20070215,   88,   -1,   69,   164,   1,   67,
733087,   20070215,   198,   -1,   78,   68,   1,   65,
733087,   20070215,   123,   -1,   75,   256,   1,   74,
733087,   20070215,   154,   -1,   74,   90,   1,   59,
733087,   20070215,   304,   1,   66,   181,   -1,   64,
733087,   20070215,   265,   1,   70,   212,   -1,   55,
733087,   20070215,   36,   1,   63,   211,   -1,   61,
733087,   20070215,   109,   -1,   68,   183,   1,   40,
733087,   20070215,   223,   1,   81,   117,   -1,   68,
733087,   20070215,   30,   1,   76,   134,   -1,   58,
733087,   20070215,   264,   1,   59,   119,   -1,   52,
733087,   20070215,   120,   1,   66,   201,   -1,   58,
733087,   20070215,   150,   1,   73,   149,   -1,   57,
733087,   20070215,   15,   1,   90,   191,   -1,   79,
733088,   20070216,   335,   1,   69,   63,   -1,   64,
733088,   20070216,   214,   1,   73,   55,   -1,   54,
733088,   20070216,   29,   1,   70,   105,   -1,   66,
733088,   20070216,   58,   -1,   57,   221,   1,   50,
733088,   20070216,   329,   -1,   77,   170,   1,   66,
733088,   20070216,   125,   -1,   101,   159,   1,   97,
733088,   20070216,   24,   1,   83,   6,   -1,   82,
733089,   20070217,   97,   -1,   58,   310,   1,   55,
733089,   20070217,   222,   1,   71,   260,   -1,   66,
733089,   20070217,   330,   1,   75,   215,   -1,   49,
733089,   20070217,   183,   1,   76,   16,   -1,   68,
733089,   20070217,   311,   1,   73,   89,   -1,   70,
733089,   20070217,   320,   1,   74,   160,   -1,   69,
733089,   20070217,   308,   1,   83,   86,   -1,   70,
733089,   20070217,   92,   -1,   69,   47,   1,   51,
733089,   20070217,   168,   -1,   75,   208,   1,   64,
733089,   20070217,   292,   -1,   81,   10,   1,   66,
733089,   20070217,   122,   -1,   52,   194,   1,   47,
733089,   20070217,   93,   1,   84,   271,   -1,   72,
733089,   20070217,   226,   1,   86,   43,   -1,   69,
733089,   20070217,   217,   1,   65,   321,   -1,   61,
733089,   20070217,   138,   1,   59,   95,   -1,   57,
733089,   20070217,   333,   1,   80,   239,   -1,   71,
733089,   20070217,   181,   -1,   74,   285,   1,   63,
733089,   20070217,   3,   1,   72,   132,   -1,   61,
733089,   20070217,   167,   -1,   56,   147,   1,   50,
733089,   20070217,   158,   -1,   78,   101,   1,   77,
733089,   20070217,   276,   -1,   56,   207,   1,   49,
733089,   20070217,   252,   1,   81,   272,   -1,   64,
733089,   20070217,   268,   1,   73,   56,   -1,   63,
733089,   20070217,   128,   1,   92,   186,   -1,   39,
733089,   20070217,   224,   -1,   70,   140,   1,   68,
733089,   20070217,   111,   -1,   56,   22,   1,   54,
733089,   20070217,   87,   1,   93,   157,   -1,   60,
733089,   20070217,   162,   1,   58,   117,   -1,   55,
733089,   20070217,   261,   -1,   76,   257,   1,   68,
733089,   20070217,   57,   -1,   64,   184,   1,   58,
733089,   20070217,   98,   1,   86,   17,   -1,   79,
733089,   20070217,   324,   1,   81,   247,   -1,   71,
733089,   20070217,   15,   1,   76,   294,   -1,   68,
733089,   20070217,   295,   1,   78,   225,   -1,   68,
733089,   20070217,   163,   1,   81,   120,   -1,   49,
733089,   20070217,   14,   1,   83,   166,   -1,   66,
733089,   20070217,   1,   1,   67,   54,   -1,   58,
733089,   20070217,   36,   1,   84,   212,   -1,   80,
733089,   20070217,   129,   1,   65,   121,   -1,   47,
733089,   20070217,   67,   -1,   81,   103,   1,   74,
733089,   20070217,   193,   1,   74,   245,   -1,   72,
733089,   20070217,   334,   1,   71,   228,   -1,   50,
733089,   20070217,   232,   1,   70,   175,   -1,   56,
733089,   20070217,   110,   1,   70,   287,   -1,   64,
733089,   20070217,   298,   -1,   70,   302,   1,   57,
733089,   20070217,   124,   1,   66,   102,   -1,   57,
733089,   20070217,   85,   1,   98,   191,   -1,   77,
733089,   20070217,   335,   1,   86,   105,   -1,   71,
733089,   20070217,   29,   1,   53,   63,   -1,   33,
733089,   20070217,   51,   -1,   71,   331,   1,   58,
733089,   20070217,   258,   -1,   102,   230,   1,   97,
733089,   20070217,   319,   -1,   57,   259,   1,   54,
733089,   20070217,   83,   1,   66,   41,   -1,   60,
733089,   20070217,   64,   -1,   92,   314,   1,   59,
733089,   20070217,   171,   -1,   61,   177,   1,   60,
733089,   20070217,   277,   -1,   77,   301,   1,   65,
733089,   20070217,   155,   -1,   58,   39,   1,   55,
733089,   20070217,   107,   1,   70,   42,   -1,   50,
733089,   20070217,   214,   1,   83,   58,   -1,   71,
733089,   20070217,   7,   1,   86,   4,   -1,   77,
733089,   20070217,   69,   -1,   75,   253,   1,   62,
733089,   20070217,   283,   -1,   73,   152,   1,   65,
733089,   20070217,   81,   -1,   75,   130,   1,   71,
733089,   20070217,   278,   1,   95,   53,   -1,   74,
733089,   20070217,   221,   1,   54,   55,   -1,   49,
733089,   20070217,   169,   1,   85,   123,   -1,   72,
733089,   20070217,   265,   1,   88,   211,   -1,   69,
733089,   20070217,   275,   -1,   68,   20,   1,   67,
733089,   20070217,   198,   1,   74,   12,   -1,   69,
733089,   20070217,   40,   1,   83,   45,   -1,   80,
733089,   20070217,   262,   1,   59,   133,   -1,   55,
733089,   20070217,   250,   1,   65,   79,   -1,   42,
733089,   20070217,   291,   -1,   74,   227,   1,   63,
733089,   20070217,   21,   1,   92,   37,   -1,   68,
733089,   20070217,   286,   1,   83,   13,   -1,   80,
733089,   20070217,   316,   -1,   75,   282,   1,   74,
733089,   20070217,   5,   -1,   71,   255,   1,   58,
733089,   20070217,   220,   1,   47,   176,   -1,   45,
733089,   20070217,   189,   1,   74,   270,   -1,   58,
733089,   20070217,   293,   -1,   67,   68,   1,   65,
733089,   20070217,   196,   -1,   77,   25,   1,   72,
733089,   20070217,   143,   -1,   61,   151,   1,   59,
733089,   20070217,   304,   1,   83,   233,   -1,   56,
733089,   20070217,   284,   -1,   66,   305,   1,   51,
733089,   20070217,   256,   1,   87,   204,   -1,   85,
733089,   20070217,   216,   1,   95,   144,   -1,   88,
733089,   20070217,   243,   1,   80,   238,   -1,   72,
733089,   20070217,   9,   -1,   60,   327,   1,   58,
733089,   20070217,   199,   1,   71,   148,   -1,   61,
733089,   20070217,   50,   1,   83,   38,   -1,   66,
733089,   20070217,   30,   1,   73,   281,   -1,   63,
733089,   20070217,   99,   1,   63,   80,   -1,   53,
733089,   20070217,   161,   -1,   70,   118,   1,   58,
733089,   20070217,   108,   1,   65,   109,   -1,   64,
733089,   20070217,   325,   -1,   82,   182,   1,   76,
733089,   20070217,   82,   -1,   69,   237,   1,   65,
733089,   20070217,   234,   -1,   68,   32,   1,   64,
733089,   20070217,   131,   -1,   68,   96,   1,   62,
733089,   20070217,   77,   1,   65,   149,   -1,   51,
733089,   20070217,   317,   1,   89,   307,   -1,   80,
733089,   20070217,   240,   1,   76,   289,   -1,   62,
733089,   20070217,   213,   -1,   78,   172,   1,   77,
733089,   20070217,   146,   1,   66,   75,   -1,   43,
733089,   20070217,   84,   1,   61,   328,   -1,   45,
733089,   20070217,   192,   1,   90,   137,   -1,   81,
733089,   20070217,   336,   1,   66,   76,   -1,   61,
733089,   20070217,   114,   1,   84,   34,   -1,   62,
733089,   20070217,   2,   1,   74,   18,   -1,   57,
733089,   20070217,   116,   1,   70,   19,   -1,   57,
733089,   20070217,   27,   -1,   90,   174,   1,   72,
733089,   20070217,   187,   1,   79,   200,   -1,   64,
733089,   20070217,   209,   -1,   73,   280,   1,   70,
733089,   20070217,   303,   -1,   71,   210,   1,   65,
733089,   20070217,   70,   -1,   92,   31,   1,   84,
733089,   20070217,   35,   1,   92,   219,   -1,   87,
733089,   20070217,   119,   -1,   52,   66,   1,   50,
733089,   20070217,   178,   -1,   58,   229,   1,   51,
733089,   20070217,   249,   1,   77,   127,   -1,   66,
733089,   20070217,   296,   1,   73,   297,   -1,   66,
733089,   20070217,   150,   1,   63,   52,   -1,   47,
733089,   20070217,   44,   1,   75,   126,   -1,   64,
733089,   20070217,   28,   -1,   73,   306,   1,   64,
733089,   20070217,   332,   1,   77,   60,   -1,   62,
733089,   20070217,   71,   1,   84,   326,   -1,   76,
733089,   20070217,   145,   -1,   62,   273,   1,   60,
733089,   20070217,   279,   1,   59,   264,   -1,   58,
733089,   20070217,   142,   -1,   72,   246,   1,   56,
733089,   20070217,   274,   1,   85,   202,   -1,   84,
733089,   20070217,   179,   1,   78,   241,   -1,   67,
733089,   20070217,   72,   -1,   64,   59,   1,   58,
733089,   20070217,   78,   -1,   71,   242,   1,   70,
733089,   20070217,   91,   1,   78,   236,   -1,   60,
733089,   20070217,   106,   -1,   93,   139,   1,   78,
733089,   20070217,   49,   -1,   85,   61,   1,   76,
733089,   20070217,   290,   -1,   81,   112,   1,   76,
733089,   20070217,   190,   1,   77,   205,   -1,   72,
733090,   20070218,   134,   1,   75,   136,   -1,   71,
733090,   20070218,   206,   -1,   85,   165,   1,   67,
733090,   20070218,   73,   1,   71,   100,   -1,   62,
733090,   20070218,   154,   -1,   77,   65,   1,   69,
733090,   20070218,   90,   1,   86,   74,   -1,   83,
733090,   20070218,   309,   1,   71,   23,   -1,   61,
733090,   20070218,   267,   1,   67,   188,   -1,   49,
733090,   20070218,   203,   -1,   76,   46,   1,   64,
733090,   20070218,   115,   1,   48,   201,   -1,   37,
733090,   20070218,   88,   1,   69,   251,   -1,   67,
733090,   20070218,   153,   -1,   82,   48,   1,   66,
733090,   20070218,   185,   1,   81,   312,   -1,   56,
733090,   20070218,   156,   1,   67,   26,   -1,   63,
733090,   20070218,   266,   1,   62,   125,   -1,   57,
733090,   20070218,   11,   1,   68,   299,   -1,   58,
733090,   20070218,   159,   1,   69,   197,   -1,   59,
733090,   20070218,   230,   1,   71,   319,   -1,   63,
733091,   20070219,   22,   1,   49,   157,   -1,   48,
733091,   20070219,   194,   -1,   78,   141,   1,   74,
733091,   20070219,   51,   -1,   80,   92,   1,   77,
733091,   20070219,   9,   -1,   76,   314,   1,   65,
733091,   20070219,   64,   1,   80,   331,   -1,   73,
733091,   20070219,   44,   1,   62,   80,   -1,   59,
733091,   20070219,   151,   1,   80,   310,   -1,   67,
733091,   20070219,   87,   1,   85,   111,   -1,   75,
733091,   20070219,   94,   1,   81,   47,   -1,   62,
733091,   20070219,   232,   1,   76,   57,   -1,   65,
733091,   20070219,   150,   -1,   67,   84,   1,   60,
733091,   20070219,   67,   -1,   72,   195,   1,   61,
733091,   20070219,   184,   1,   91,   175,   -1,   79,
733091,   20070219,   217,   -1,   71,   247,   1,   68,
733091,   20070219,   254,   1,   74,   110,   -1,   69,
733091,   20070219,   32,   -1,   68,   325,   1,   58,
733091,   20070219,   176,   -1,   63,   286,   1,   47,
733091,   20070219,   255,   1,   62,   4,   -1,   60,
733091,   20070219,   13,   -1,   70,   220,   1,   67,
733091,   20070219,   7,   1,   66,   5,   -1,   65,
733091,   20070219,   128,   -1,   71,   129,   1,   62,
733091,   20070219,   213,   1,   65,   288,   -1,   58,
733091,   20070219,   101,   1,   87,   218,   -1,   67,
733091,   20070219,   263,   1,   92,   240,   -1,   83,
733091,   20070219,   269,   1,   91,   300,   -1,   72,
733092,   20070220,   274,   1,   73,   18,   -1,   72,
733092,   20070220,   235,   -1,   86,   83,   1,   82,
733092,   20070220,   168,   1,   72,   207,   -1,   68,
733092,   20070220,   329,   1,   72,   107,   -1,   60,
733092,   20070220,   163,   1,   64,   330,   -1,   55,
733092,   20070220,   96,   1,   60,   99,   -1,   54,
733092,   20070220,   203,   1,   78,   69,   -1,   54,
733092,   20070220,   8,   -1,   71,   183,   1,   60,
733092,   20070220,   222,   1,   64,   324,   -1,   61,
733092,   20070220,   61,   -1,   64,   233,   1,   63,
733092,   20070220,   200,   -1,   79,   28,   1,   70,
733092,   20070220,   116,   1,   65,   59,   -1,   55,
733092,   20070220,   275,   1,   80,   278,   -1,   51,
733092,   20070220,   239,   -1,   81,   189,   1,   74,
733092,   20070220,   132,   1,   70,   147,   -1,   63,
733092,   20070220,   170,   -1,   71,   327,   1,   65,
733092,   20070220,   298,   1,   60,   1,   -1,   50,
733092,   20070220,   140,   1,   82,   171,   -1,   78,
733092,   20070220,   23,   -1,   66,   188,   1,   37,
733093,   20070221,   131,   1,   68,   31,   -1,   64,
733093,   20070221,   16,   1,   83,   134,   -1,   65,
733093,   20070221,   30,   -1,   69,   136,   1,   56,
733093,   20070221,   209,   1,   79,   281,   -1,   65,
733093,   20070221,   109,   1,   68,   52,   -1,   57,
733093,   20070221,   199,   -1,   70,   66,   1,   61,
733093,   20070221,   85,   1,   79,   251,   -1,   69,
733093,   20070221,   117,   1,   71,   165,   -1,   59,
733093,   20070221,   312,   1,   79,   25,   -1,   62,
733093,   20070221,   100,   1,   75,   320,   -1,   61,
733093,   20070221,   137,   -1,   118,   313,   1,   108,
733093,   20070221,   154,   1,   83,   257,   -1,   44,
733093,   20070221,   334,   1,   98,   226,   -1,   72,
733093,   20070221,   43,   -1,   99,   74,   1,   90,
733093,   20070221,   205,   -1,   88,   27,   1,   63,
733093,   20070221,   22,   1,   47,   244,   -1,   42,
733093,   20070221,   97,   -1,   75,   46,   1,   65,
733093,   20070221,   143,   1,   72,   260,   -1,   48,
733093,   20070221,   56,   -1,   65,   231,   1,   55,
733093,   20070221,   152,   -1,   54,   79,   1,   51,
733093,   20070221,   70,   1,   60,   49,   -1,   48,
733093,   20070221,   234,   -1,   58,   118,   1,   50,
733093,   20070221,   306,   1,   83,   127,   -1,   72,
733093,   20070221,   160,   1,   68,   311,   -1,   60,
733093,   20070221,   20,   1,   63,   186,   -1,   59,
733093,   20070221,   72,   1,   64,   328,   -1,   57,
733093,   20070221,   161,   1,   64,   2,   -1,   62,
733093,   20070221,   93,   1,   68,   228,   -1,   49,
733093,   20070221,   181,   1,   83,   318,   -1,   68,
733093,   20070221,   103,   1,   66,   195,   -1,   52,
733093,   20070221,   333,   1,   86,   302,   -1,   78,
733093,   20070221,   206,   1,   68,   215,   -1,   60,
733093,   20070221,   86,   1,   63,   252,   -1,   49,
733093,   20070221,   272,   1,   69,   3,   -1,   66,
733093,   20070221,   166,   1,   67,   98,   -1,   49,
733093,   20070221,   121,   1,   55,   53,   -1,   53,
733093,   20070221,   114,   1,   72,   326,   -1,   59,
733093,   20070221,   262,   1,   66,   65,   -1,   56,
733093,   20070221,   167,   1,   83,   308,   -1,   70,
733093,   20070221,   17,   1,   67,   14,   -1,   59,
733093,   20070221,   110,   1,   78,   283,   -1,   70,
733093,   20070221,   291,   1,   59,   254,   -1,   56,
733093,   20070221,   201,   1,   67,   285,   -1,   56,
733093,   20070221,   71,   1,   82,   82,   -1,   79,
733093,   20070221,   287,   -1,   62,   284,   1,   57,
733093,   20070221,   115,   1,   54,   162,   -1,   42,
733093,   20070221,   153,   1,   73,   89,   -1,   55,
733093,   20070221,   196,   1,   83,   185,   -1,   64,
733093,   20070221,   276,   -1,   66,   208,   1,   46,
733093,   20070221,   173,   1,   89,   180,   -1,   66,
733093,   20070221,   120,   1,   78,   223,   -1,   59,
733093,   20070221,   305,   1,   85,   250,   -1,   56,
733093,   20070221,   33,   1,   76,   54,   -1,   67,
733094,   20070222,   212,   1,   73,   321,   -1,   65,
733094,   20070222,   292,   1,   85,   36,   -1,   75,
733094,   20070222,   88,   1,   71,   293,   -1,   68,
733094,   20070222,   197,   1,   73,   138,   -1,   64,
733094,   20070222,   51,   1,   50,   47,   -1,   40,
733094,   20070222,   21,   -1,   86,   125,   1,   71,
733094,   20070222,   259,   -1,   73,   224,   1,   72,
733094,   20070222,   41,   1,   88,   230,   -1,   86,
733094,   20070222,   304,   -1,   72,   122,   1,   63,
733094,   20070222,   210,   -1,   83,   123,   1,   73,
733094,   20070222,   9,   1,   80,   296,   -1,   66,
733094,   20070222,   80,   1,   74,   314,   -1,   65,
733094,   20070222,   108,   1,   68,   297,   -1,   65,
733094,   20070222,   295,   -1,   82,   50,   1,   77,
733094,   20070222,   204,   1,   70,   40,   -1,   63,
733094,   20070222,   146,   -1,   75,   32,   1,   71,
733094,   20070222,   177,   -1,   82,   319,   1,   77,
733094,   20070222,   64,   1,   75,   92,   -1,   57,
733094,   20070222,   34,   -1,   61,   19,   1,   59,
733094,   20070222,   317,   -1,   80,   77,   1,   61,
733094,   20070222,   6,   -1,   66,   267,   1,   46,
733094,   20070222,   23,   1,   55,   104,   -1,   53,
733094,   20070222,   309,   -1,   57,   26,   1,   55,
733094,   20070222,   156,   1,   80,   148,   -1,   77,
733094,   20070222,   280,   -1,   86,   182,   1,   83,
733094,   20070222,   158,   1,   99,   227,   -1,   63,
733094,   20070222,   249,   1,   78,   149,   -1,   61,
733094,   20070222,   37,   1,   88,   141,   -1,   80,
733094,   20070222,   336,   1,   72,   332,   -1,   57,
733094,   20070222,   130,   1,   87,   159,   -1,   51,
733094,   20070222,   193,   -1,   93,   202,   1,   92,
733094,   20070222,   91,   -1,   64,   142,   1,   63,
733094,   20070222,   12,   -1,   65,   191,   1,   64,
733094,   20070222,   246,   -1,   70,   237,   1,   67,
733094,   20070222,   169,   -1,   89,   315,   1,   54,
733094,   20070222,   294,   1,   87,   68,   -1,   51,
733094,   20070222,   236,   1,   92,   300,   -1,   78,
733094,   20070222,   245,   1,   66,   39,   -1,   63,
733094,   20070222,   15,   -1,   74,   198,   1,   71,
733094,   20070222,   155,   1,   63,   301,   -1,   57,
733094,   20070222,   248,   1,   78,   277,   -1,   75,
733094,   20070222,   261,   1,   92,   271,   -1,   76,
733094,   20070222,   135,   1,   78,   269,   -1,   77,
733094,   20070222,   307,   1,   75,   256,   -1,   48,
733094,   20070222,   273,   1,   62,   174,   -1,   46,
733094,   20070222,   18,   1,   77,   76,   -1,   68,
733094,   20070222,   282,   1,   73,   164,   -1,   70,
733094,   20070222,   75,   -1,   69,   126,   1,   65,
733094,   20070222,   178,   1,   60,   274,   -1,   56,
733094,   20070222,   73,   -1,   71,   48,   1,   66,
733094,   20070222,   179,   -1,   88,   172,   1,   81,
733094,   20070222,   24,   1,   83,   241,   -1,   64,
733094,   20070222,   190,   1,   76,   303,   -1,   73,
733094,   20070222,   35,   -1,   70,   290,   1,   54,
733094,   20070222,   219,   1,   100,   62,   -1,   73,
733094,   20070222,   211,   1,   64,   322,   -1,   59,
733094,   20070222,   78,   1,   82,   113,   -1,   79,
733094,   20070222,   60,   1,   79,   242,   -1,   73,
733094,   20070222,   187,   -1,   84,   112,   1,   68,
733094,   20070222,   289,   1,   73,   288,   -1,   59,
733094,   20070222,   299,   1,   69,   265,   -1,   65,
733094,   20070222,   81,   1,   84,   266,   -1,   49,
733094,   20070222,   94,   -1,   68,   331,   1,   46,
733095,   20070223,   335,   1,   68,   58,   -1,   55,
733095,   20070223,   63,   1,   53,   221,   -1,   43,
733095,   20070223,   235,   -1,   82,   171,   1,   75,
733095,   20070223,   214,   -1,   83,   105,   1,   67,
733095,   20070223,   29,   1,   64,   55,   -1,   59,
733095,   20070223,   229,   -1,   81,   38,   1,   72,
733095,   20070223,   192,   1,   73,   145,   -1,   71,
733095,   20070223,   264,   -1,   54,   119,   1,   52,
733095,   20070223,   8,   1,   78,   134,   -1,   67,
733096,   20070224,   150,   1,   98,   249,   -1,   88,
733096,   20070224,   224,   1,   81,   230,   -1,   75,
733096,   20070224,   72,   -1,   77,   281,   1,   68,
733096,   20070224,   312,   1,   73,   160,   -1,   57,
733096,   20070224,   2,   1,   93,   27,   -1,   87,
733096,   20070224,   69,   1,   58,   46,   -1,   45,
733096,   20070224,   268,   -1,   71,   222,   1,   67,
733096,   20070224,   223,   -1,   75,   201,   1,   68,
733096,   20070224,   94,   1,   74,   51,   -1,   65,
733096,   20070224,   269,   1,   75,   301,   -1,   59,
733096,   20070224,   30,   -1,   54,   16,   1,   49,
733096,   20070224,   52,   1,   70,   183,   -1,   62,
733096,   20070224,   25,   1,   59,   48,   -1,   54,
733096,   20070224,   89,   1,   78,   185,   -1,   52,
733096,   20070224,   234,   1,   76,   82,   -1,   69,
733096,   20070224,   200,   1,   71,   116,   -1,   66,
733096,   20070224,   98,   1,   86,   167,   -1,   73,
733096,   20070224,   199,   1,   73,   96,   -1,   50,
733096,   20070224,   186,   1,   82,   168,   -1,   77,
733096,   20070224,   276,   1,   97,   20,   -1,   87,
733096,   20070224,   304,   -1,   77,   194,   1,   47,
733096,   20070224,   270,   1,   71,   1,   -1,   66,
733096,   20070224,   115,   -1,   68,   215,   1,   50,
733096,   20070224,   306,   -1,   72,   99,   1,   70,
733096,   20070224,   272,   -1,   83,   14,   1,   72,
733096,   20070224,   32,   1,   56,   70,   -1,   36,
733096,   20070224,   209,   -1,   62,   328,   1,   57,
733096,   20070224,   271,   1,   81,   43,   -1,   69,
733096,   20070224,   93,   -1,   86,   133,   1,   74,
733096,   20070224,   90,   -1,   71,   226,   1,   62,
733096,   20070224,   97,   1,   61,   217,   -1,   53,
733096,   20070224,   64,   -1,   87,   47,   1,   70,
733096,   20070224,   162,   -1,   62,   165,   1,   51,
733096,   20070224,   237,   1,   71,   75,   -1,   45,
733096,   20070224,   322,   -1,   58,   212,   1,   54,
733096,   20070224,   131,   -1,   73,   205,   1,   71,
733096,   20070224,   311,   1,   75,   100,   -1,   69,
733096,   20070224,   203,   1,   85,   151,   -1,   73,
733096,   20070224,   147,   1,   66,   86,   -1,   56,
733096,   20070224,   219,   1,   70,   113,   -1,   63,
733096,   20070224,   129,   -1,   87,   53,   1,   71,
733096,   20070224,   21,   -1,   74,   197,   1,   54,
733096,   20070224,   258,   1,   56,   177,   -1,   55,
733096,   20070224,   57,   1,   50,   111,   -1,   46,
733096,   20070224,   175,   -1,   81,   157,   1,   70,
733096,   20070224,   275,   -1,   68,   207,   1,   58,
733096,   20070224,   108,   -1,   98,   127,   1,   78,
733096,   20070224,   137,   -1,   64,   225,   1,   48,
733096,   20070224,   334,   -1,   75,   65,   1,   67,
733096,   20070224,   67,   1,   77,   87,   -1,   65,
733096,   20070224,   310,   1,   74,   231,   -1,   51,
733096,   20070224,   287,   1,   70,   152,   -1,   57,
733096,   20070224,   329,   -1,   83,   50,   1,   69,
733096,   20070224,   236,   -1,   97,   277,   1,   83,
733096,   20070224,   61,   1,   76,   213,   -1,   73,
733096,   20070224,   316,   1,   82,   88,   -1,   64,
733096,   20070224,   300,   1,   69,   248,   -1,   62,
733096,   20070224,   17,   -1,   86,   3,   1,   77,
733096,   20070224,   283,   1,   77,   254,   -1,   72,
733096,   20070224,   59,   1,   71,   327,   -1,   54,
733096,   20070224,   49,   1,   68,   336,   -1,   55,
733096,   20070224,   302,   1,   93,   189,   -1,   91,
733096,   20070224,   295,   -1,   73,   42,   1,   56,
733096,   20070224,   125,   1,   74,   138,   -1,   67,
733096,   20070224,   128,   1,   89,   121,   -1,   52,
733096,   20070224,   204,   1,   85,   210,   -1,   84,
733096,   20070224,   232,   -1,   61,   103,   1,   60,
733096,   20070224,   239,   1,   86,   33,   -1,   74,
733096,   20070224,   184,   -1,   104,   195,   1,   99,
733096,   20070224,   39,   -1,   70,   193,   1,   66,
733096,   20070224,   37,   1,   71,   95,   -1,   60,
733096,   20070224,   292,   1,   75,   265,   -1,   61,
733096,   20070224,   76,   -1,   65,   273,   1,   53,
733096,   20070224,   101,   -1,   86,   240,   1,   79,
733096,   20070224,   55,   -1,   82,   335,   1,   64,
733096,   20070224,   214,   -1,   80,   63,   1,   78,
733096,   20070224,   238,   1,   82,   218,   -1,   76,
733096,   20070224,   259,   1,   72,   140,   -1,   56,
733096,   20070224,   4,   1,   79,   286,   -1,   73,
733096,   20070224,   122,   1,   82,   285,   -1,   64,
733096,   20070224,   244,   1,   74,   141,   -1,   72,
733096,   20070224,   296,   -1,   68,   44,   1,   61,
733096,   20070224,   297,   1,   75,   66,   -1,   66,
733096,   20070224,   178,   -1,   74,   279,   1,   52,
733096,   20070224,   107,   1,   109,   313,   -1,   92,
733096,   20070224,   123,   1,   87,   40,   -1,   62,
733096,   20070224,   319,   1,   91,   83,   -1,   63,
733096,   20070224,   252,   1,   76,   166,   -1,   63,
733096,   20070224,   9,   -1,   72,   80,   1,   63,
733096,   20070224,   105,   1,   50,   221,   -1,   43,
733096,   20070224,   58,   -1,   79,   29,   1,   67,
733096,   20070224,   154,   1,   53,   262,   -1,   50,
733096,   20070224,   257,   -1,   97,   74,   1,   94,
733096,   20070224,   228,   1,   78,   261,   -1,   68,
733096,   20070224,   79,   1,   79,   305,   -1,   78,
733096,   20070224,   139,   1,   102,   288,   -1,   77,
733096,   20070224,   161,   1,   80,   31,   -1,   68,
733096,   20070224,   299,   1,   84,   36,   -1,   66,
733096,   20070224,   191,   1,   88,   294,   -1,   75,
733096,   20070224,   242,   -1,   68,   290,   1,   67,
733096,   20070224,   315,   1,   51,   256,   -1,   48,
733096,   20070224,   164,   1,   79,   85,   -1,   59,
733096,   20070224,   202,   -1,   71,   245,   1,   65,
733096,   20070224,   142,   1,   84,   303,   -1,   71,
733096,   20070224,   15,   -1,   61,   12,   1,   55,
733096,   20070224,   114,   -1,   52,   146,   1,   51,
733096,   20070224,   181,   1,   86,   233,   -1,   69,
733096,   20070224,   247,   1,   89,   253,   -1,   76,
733096,   20070224,   307,   1,   77,   169,   -1,   61,
733096,   20070224,   282,   -1,   92,   251,   1,   88,
733096,   20070224,   198,   -1,   72,   293,   1,   70,
733096,   20070224,   135,   1,   75,   155,   -1,   71,
733096,   20070224,   326,   -1,   74,   325,   1,   73,
733096,   20070224,   28,   1,   74,   118,   -1,   58,
733096,   20070224,   227,   1,   75,   250,   -1,   66,
733096,   20070224,   284,   1,   66,   291,   -1,   64,
733096,   20070224,   174,   -1,   82,   18,   1,   77,
733096,   20070224,   255,   1,   61,   7,   -1,   56,
733096,   20070224,   220,   -1,   74,   5,   1,   60,
733096,   20070224,   126,   1,   78,   246,   -1,   72,
733096,   20070224,   13,   1,   72,   102,   -1,   68,
733096,   20070224,   176,   1,   77,   124,   -1,   70,
733096,   20070224,   170,   1,   92,   71,   -1,   74,
733096,   20070224,   163,   1,   66,   117,   -1,   58,
733096,   20070224,   91,   -1,   60,   190,   1,   58,
733096,   20070224,   187,   -1,   95,   24,   1,   81,
733096,   20070224,   35,   -1,   90,   60,   1,   80,
733096,   20070224,   172,   1,   85,   180,   -1,   64,
733096,   20070224,   54,   1,   86,   333,   -1,   68,
733096,   20070224,   106,   -1,   67,   241,   1,   55,
733096,   20070224,   263,   -1,   97,   216,   1,   72,
733096,   20070224,   78,   1,   80,   62,   -1,   72,
733096,   20070224,   211,   1,   93,   321,   -1,   85,
733096,   20070224,   144,   1,   67,   243,   -1,   66,
733096,   20070224,   278,   1,   59,   208,   -1,   57,
733096,   20070224,   81,   1,   112,   159,   -1,   89,
733096,   20070224,   130,   1,   72,   266,   -1,   67,
733097,   20070225,   77,   1,   61,   19,   -1,   51,
733097,   20070225,   143,   -1,   76,   56,   1,   69,
733097,   20070225,   6,   1,   73,   26,   -1,   63,
733097,   20070225,   109,   -1,   62,   136,   1,   50,
733097,   20070225,   309,   1,   90,   104,   -1,   73,
733097,   20070225,   148,   1,   63,   267,   -1,   61,
733097,   20070225,   188,   1,   64,   156,   -1,   51,
733097,   20070225,   192,   1,   89,   229,   -1,   77,
733097,   20070225,   331,   1,   76,   92,   -1,   67,
733097,   20070225,   308,   1,   67,   132,   -1,   65,
733097,   20070225,   73,   -1,   67,   260,   1,   50,
733097,   20070225,   34,   1,   71,   182,   -1,   64,
733097,   20070225,   158,   1,   77,   110,   -1,   64,
733097,   20070225,   84,   -1,   63,   264,   1,   60,
733097,   20070225,   145,   -1,   74,   38,   1,   71,
733097,   20070225,   149,   1,   71,   119,   -1,   65,
733097,   20070225,   206,   1,   49,   330,   -1,   48,
733097,   20070225,   280,   -1,   79,   317,   1,   75,
733097,   20070225,   153,   1,   89,   196,   -1,   87,
733097,   20070225,   10,   -1,   61,   11,   1,   58,
733097,   20070225,   179,   -1,   92,   173,   1,   84,
733098,   20070226,   258,   1,   72,   83,   -1,   69,
733098,   20070226,   235,   1,   87,   224,   -1,   84,
733098,   20070226,   259,   1,   73,   171,   -1,   62,
733098,   20070226,   41,   1,   79,   319,   -1,   54,
733098,   20070226,   230,   1,   90,   140,   -1,   74,
733098,   20070226,   268,   1,   72,   97,   -1,   58,
733098,   20070226,   285,   -1,   70,   194,   1,   58,
733098,   20070226,   2,   -1,   87,   74,   1,   74,
733098,   20070226,   184,   -1,   79,   103,   1,   76,
733098,   20070226,   175,   1,   85,   111,   -1,   62,
733098,   20070226,   57,   1,   80,   157,   -1,   65,
733098,   20070226,   195,   1,   70,   232,   -1,   65,
733098,   20070226,   67,   1,   47,   22,   -1,   40,
733098,   20070226,   5,   1,   72,   286,   -1,   67,
733098,   20070226,   4,   1,   86,   220,   -1,   66,
733098,   20070226,   176,   1,   64,   102,   -1,   55,
733098,   20070226,   13,   1,   59,   124,   -1,   54,
733098,   20070226,   128,   -1,   67,   207,   1,   65,
733098,   20070226,   172,   -1,   72,   113,   1,   71,
733098,   20070226,   240,   1,   70,   218,   -1,   67,
733098,   20070226,   216,   1,   89,   243,   -1,   82,
733098,   20070226,   101,   -1,   74,   238,   1,   64,
733098,   20070226,   62,   1,   105,   323,   -1,   83,
733098,   20070226,   263,   -1,   63,   144,   1,   47,
733098,   20070226,   139,   -1,   82,   213,   1,   76,
733099,   20070227,   162,   1,   67,   163,   -1,   56,
733099,   20070227,   217,   1,   80,   324,   -1,   66,
733099,   20070227,   202,   1,   89,   135,   -1,   82,
733099,   20070227,   179,   1,   89,   180,   -1,   77,
733099,   20070227,   208,   1,   84,   129,   -1,   70,
733099,   20070227,   33,   -1,   62,   1,   1,   58,
733099,   20070227,   302,   1,   74,   239,   -1,   68,
733099,   20070227,   272,   1,   86,   86,   -1,   76,
733099,   20070227,   113,   1,   67,   173,   -1,   58,
733099,   20070227,   107,   1,   90,   225,   -1,   73,
733099,   20070227,   313,   -1,   79,   137,   1,   78,
733099,   20070227,   329,   1,   72,   42,   -1,   42,
733099,   20070227,   295,   -1,   77,   50,   1,   64,
733099,   20070227,   76,   1,   63,   174,   -1,   45,
733099,   20070227,   336,   1,   82,   70,   -1,   80,
733099,   20070227,   114,   1,   83,   326,   -1,   77,
733099,   20070227,   18,   1,   89,   273,   -1,   84,
733099,   20070227,   274,   1,   88,   246,   -1,   60,
733099,   20070227,   325,   1,   78,   49,   -1,   59,
733099,   20070227,   237,   -1,   70,   178,   1,   60,
733100,   20070228,   168,   1,   91,   53,   -1,   82,
733100,   20070228,   90,   -1,   91,   257,   1,   60,
733100,   20070228,   334,   1,   72,   261,   -1,   62,
733100,   20070228,   65,   -1,   73,   271,   1,   65,
733100,   20070228,   154,   1,   102,   133,   -1,   63,
733100,   20070228,   46,   1,   70,   247,   -1,   67,
733100,   20070228,   222,   -1,   77,   253,   1,   72,
733100,   20070228,   310,   -1,   78,   56,   1,   74,
733100,   20070228,   270,   1,   77,   333,   -1,   58,
733100,   20070228,   308,   -1,   99,   252,   1,   90,
733100,   20070228,   48,   1,   74,   160,   -1,   70,
733100,   20070228,   67,   1,   62,   184,   -1,   53,
733100,   20070228,   87,   1,   73,   57,   -1,   59,
733100,   20070228,   22,   1,   52,   175,   -1,   50,
733100,   20070228,   291,   1,   75,   110,   -1,   72,
733100,   20070228,   103,   1,   71,   157,   -1,   58,
733100,   20070228,   195,   1,   69,   111,   -1,   68,
733100,   20070228,   269,   1,   69,   248,   -1,   65,
733100,   20070228,   278,   1,   85,   20,   -1,   74,
733100,   20070228,   132,   1,   82,   98,   -1,   70,
733100,   20070228,   17,   1,   80,   147,   -1,   68,
733100,   20070228,   3,   1,   69,   166,   -1,   58,
733100,   20070228,   262,   1,   78,   228,   -1,   68,
733100,   20070228,   121,   -1,   69,   186,   1,   63,
733100,   20070228,   283,   1,   88,   79,   -1,   72,
733100,   20070228,   152,   1,   69,   227,   -1,   64,
733100,   20070228,   284,   -1,   67,   250,   1,   60,
733100,   20070228,   14,   1,   67,   167,   -1,   58,
733100,   20070228,   275,   1,   98,   276,   -1,   96,
733100,   20070228,   153,   -1,   85,   73,   1,   77,
733100,   20070228,   185,   1,   73,   320,   -1,   66,
733100,   20070228,   254,   1,   76,   287,   -1,   68,
733100,   20070228,   298,   -1,   85,   189,   1,   83,
733100,   20070228,   44,   0,   64,   331,   0,   55,
733100,   20070228,   314,   0,   69,   80,   0,   65,
733100,   20070228,   215,   1,   74,   120,   -1,   72,
733100,   20070228,   117,   -1,   69,   201,   1,   65,
733100,   20070228,   85,   1,   91,   88,   -1,   88,
733100,   20070228,   109,   1,   83,   134,   -1,   53,
733100,   20070228,   16,   -1,   47,   136,   1,   46,
733100,   20070228,   30,   1,   62,   183,   -1,   43,
733100,   20070228,   8,   1,   59,   52,   -1,   44,
733100,   20070228,   223,   1,   66,   165,   -1,   47,
733100,   20070228,   164,   -1,   72,   282,   1,   64,
733100,   20070228,   294,   1,   83,   68,   -1,   67,
733100,   20070228,   198,   1,   93,   293,   -1,   78,
733100,   20070228,   191,   1,   77,   12,   -1,   70,
733100,   20070228,   94,   0,   62,   47,   0,   46,
733101,   20070301,   10,   -1,   70,   36,   1,   65,
733101,   20070301,   321,   1,   85,   299,   -1,   70,
733101,   20070301,   265,   1,   63,   11,   -1,   53,
733101,   20070301,   311,   1,   69,   312,   -1,   56,
733101,   20070301,   205,   1,   52,   161,   -1,   45,
733101,   20070301,   93,   -1,   62,   43,   1,   60,
733101,   20070301,   131,   -1,   77,   27,   1,   64,
733101,   20070301,   317,   1,   68,   182,   -1,   54,
733101,   20070301,   2,   -1,   87,   31,   1,   69,
733101,   20070301,   280,   1,   71,   19,   -1,   61,
733101,   20070301,   193,   1,   105,   135,   -1,   90,
733101,   20070301,   181,   1,   104,   194,   -1,   52,
733101,   20070301,   122,   -1,   83,   233,   1,   72,
733101,   20070301,   236,   -1,   73,   301,   1,   61,
733101,   20070301,   255,   -1,   64,   286,   1,   55,
733101,   20070301,   155,   1,   63,   245,   -1,   45,
733101,   20070301,   102,   1,   93,   4,   -1,   69,
733101,   20070301,   220,   1,   78,   7,   -1,   73,
733101,   20070301,   124,   1,   69,   5,   -1,   65,
733101,   20070301,   176,   1,   63,   13,   -1,   50,
733101,   20070301,   100,   1,   84,   196,   -1,   77,
733101,   20070301,   303,   1,   79,   187,   -1,   77,
733101,   20070301,   190,   1,   79,   142,   -1,   64,
733101,   20070301,   158,   -1,   78,   305,   1,   67,
733101,   20070301,   292,   -1,   53,   322,   1,   45,
733101,   20070301,   91,   1,   78,   24,   -1,   77,
733101,   20070301,   242,   1,   64,   213,   -1,   49,
733101,   20070301,   290,   -1,   80,   288,   1,   76,
733101,   20070301,   35,   1,   86,   61,   -1,   70,
733101,   20070301,   139,   1,   85,   289,   -1,   80,
733101,   20070301,   106,   1,   81,   112,   -1,   64,
733101,   20070301,   21,   0,   79,   95,   0,   61,
733101,   20070301,   64,   0,   78,   44,   0,   68,
733101,   20070301,   37,   0,   90,   125,   0,   85,
733101,   20070301,   92,   0,   73,   296,   0,   71,
733101,   20070301,   313,   0,   91,   107,   0,   81,
733101,   20070301,   81,   1,   77,   266,   -1,   61,
733101,   20070301,   9,   0,   78,   314,   0,   59,
733101,   20070301,   41,   1,   79,   258,   -1,   61,
733101,   20070301,   235,   1,   100,   319,   -1,   68,
733101,   20070301,   177,   -1,   78,   230,   1,   61,
733101,   20070301,   224,   1,   78,   83,   -1,   77,
733101,   20070301,   71,   0,   101,   82,   0,   96,
733101,   20070301,   329,   1,   79,   295,   -1,   60,
733101,   20070301,   138,   0,   85,   159,   0,   49,
733101,   20070301,   51,   0,   77,   94,   0,   66,
733101,   20070301,   118,   0,   68,   116,   0,   65,
733102,   20070302,   214,   1,   86,   335,   -1,   58,
733102,   20070302,   232,   1,   89,   318,   -1,   82,
733102,   20070302,   55,   1,   69,   63,   -1,   67,
733102,   20070302,   105,   -1,   85,   58,   1,   79,
733102,   20070302,   29,   -1,   64,   221,   1,   55,
733102,   20070302,   234,   0,   71,   71,   0,   59,
733102,   20070302,   28,   0,   51,   200,   0,   48,
733102,   20070302,   59,   0,   59,   118,   0,   38,
733102,   20070302,   170,   0,   67,   327,   0,   64,
733102,   20070302,   99,   0,   70,   328,   0,   68,
733102,   20070302,   199,   0,   77,   66,   0,   67,
733102,   20070302,   146,   0,   66,   114,   0,   62,
733102,   20070302,   325,   0,   72,   336,   0,   55,
733102,   20070302,   238,   0,   95,   216,   0,   82,
733102,   20070302,   218,   1,   55,   144,   -1,   41,
733102,   20070302,   64,   0,   91,   92,   0,   68,
733102,   20070302,   51,   0,   89,   9,   0,   87,
733102,   20070302,   18,   0,   65,   237,   0,   55,
733102,   20070302,   76,   0,   57,   274,   0,   54,
733102,   20070302,   38,   0,   62,   264,   0,   48,
733102,   20070302,   229,   0,   77,   119,   0,   62,
733102,   20070302,   281,   0,   67,   297,   0,   52,
733102,   20070302,   96,   0,   73,   127,   0,   62,
733102,   20070302,   81,   1,   77,   138,   -1,   72,
733102,   20070302,   104,   0,   49,   267,   0,   47,
733102,   20070302,   77,   -1,   87,   34,   1,   83,
733102,   20070302,   21,   0,   79,   37,   0,   63,
733103,   20070303,   128,   1,   90,   275,   -1,   86,
733103,   20070303,   206,   -1,   65,   162,   1,   61,
733103,   20070303,   89,   -1,   98,   160,   1,   90,
733103,   20070303,   334,   -1,   76,   133,   1,   65,
733103,   20070303,   97,   1,   59,   56,   -1,   46,
733103,   20070303,   330,   1,   52,   163,   -1,   50,
733103,   20070303,   120,   1,   60,   115,   -1,   53,
733103,   20070303,   147,   1,   61,   252,   -1,   52,
733103,   20070303,   320,   1,   78,   311,   -1,   72,
733103,   20070303,   166,   1,   83,   17,   -1,   79,
733103,   20070303,   90,   1,   80,   271,   -1,   73,
733103,   20070303,   53,   1,   73,   186,   -1,   69,
733103,   20070303,   20,   1,   86,   208,   -1,   82,
733103,   20070303,   93,   1,   88,   74,   -1,   80,
733103,   20070303,   69,   1,   70,   253,   -1,   54,
733103,   20070303,   310,   1,   78,   268,   -1,   75,
733103,   20070303,   283,   -1,   76,   287,   1,   74,
733103,   20070303,   223,   1,   73,   201,   -1,   50,
733103,   20070303,   321,   1,   61,   292,   -1,   51,
733103,   20070303,   10,   -1,   85,   265,   1,   80,
733103,   20070303,   333,   1,   76,   189,   -1,   67,
733103,   20070303,   11,   -1,   42,   36,   1,   41,
733103,   20070303,   284,   -1,   73,   227,   1,   65,
733103,   20070303,   129,   1,   72,   207,   -1,   61,
733103,   20070303,   153,   1,   79,   185,   -1,   59,
733103,   20070303,   157,   -1,   63,   111,   1,   60,
733103,   20070303,   155,   1,   77,   193,   -1,   76,
733103,   20070303,   272,   -1,   71,   98,   1,   65,
733103,   20070303,   276,   1,   94,   168,   -1,   78,
733103,   20070303,   154,   -1,   71,   261,   1,   67,
733103,   20070303,   57,   1,   71,   175,   -1,   62,
733103,   20070303,   87,   -1,   68,   22,   1,   62,
733103,   20070303,   14,   -1,   82,   308,   1,   67,
733103,   20070303,   324,   1,   79,   46,   -1,   65,
733103,   20070303,   203,   -1,   73,   231,   1,   66,
733103,   20070303,   322,   1,   88,   299,   -1,   86,
733103,   20070303,   300,   1,   93,   277,   -1,   84,
733103,   20070303,   254,   1,   83,   152,   -1,   73,
733103,   20070303,   211,   1,   70,   212,   -1,   49,
733103,   20070303,   269,   -1,   85,   236,   1,   68,
733103,   20070303,   239,   1,   56,   270,   -1,   51,
733103,   20070303,   241,   1,   62,   112,   -1,   57,
733103,   20070303,   124,   1,   81,   4,   -1,   70,
733103,   20070303,   58,   1,   76,   63,   -1,   53,
733103,   20070303,   301,   -1,   54,   248,   1,   49,
733103,   20070303,   39,   1,   92,   202,   -1,   86,
733103,   20070303,   35,   1,   82,   213,   -1,   70,
733103,   20070303,   214,   1,   67,   29,   -1,   64,
733103,   20070303,   55,   1,   76,   105,   -1,   66,
733103,   20070303,   65,   1,   65,   262,   -1,   64,
733103,   20070303,   43,   1,   74,   257,   -1,   53,
733103,   20070303,   228,   1,   71,   226,   -1,   69,
733103,   20070303,   335,   -1,   52,   221,   1,   51,
733103,   20070303,   33,   1,   85,   302,   -1,   62,
733103,   20070303,   291,   1,   77,   79,   -1,   64,
733103,   20070303,   139,   -1,   91,   290,   1,   75,
733103,   20070303,   233,   1,   71,   194,   -1,   61,
733103,   20070303,   181,   1,   73,   122,   -1,   57,
733103,   20070303,   278,   -1,   63,   121,   1,   61,
733103,   20070303,   117,   1,   94,   215,   -1,   63,
733103,   20070303,   110,   1,   74,   305,   -1,   67,
733103,   20070303,   135,   1,   83,   245,   -1,   64,
733103,   20070303,   7,   -1,   70,   286,   1,   67,
733103,   20070303,   255,   -1,   66,   220,   1,   51,
733103,   20070303,   102,   1,   76,   5,   -1,   70,
733103,   20070303,   298,   1,   65,   54,   -1,   47,
733103,   20070303,   151,   1,   75,   217,   -1,   71,
733103,   20070303,   91,   -1,   71,   303,   1,   66,
733103,   20070303,   304,   1,   66,   285,   -1,   57,
733103,   20070303,   158,   -1,   64,   250,   1,   61,
733103,   20070303,   242,   1,   75,   61,   -1,   59,
733103,   20070303,   288,   1,   77,   60,   -1,   68,
733103,   20070303,   106,   1,   92,   24,   -1,   75,
733103,   20070303,   187,   1,   69,   190,   -1,   65,
733103,   20070303,   306,   0,   73,   99,   0,   60,
733103,   20070303,   309,   0,   81,   104,   0,   62,
733103,   20070303,   329,   1,   84,   313,   -1,   81,
733103,   20070303,   249,   0,   75,   149,   0,   72,
733103,   20070303,   72,   0,   64,   199,   0,   50,
733103,   20070303,   156,   0,   70,   148,   0,   61,
733103,   20070303,   234,   0,   53,   28,   0,   51,
733103,   20070303,   21,   -1,   94,   81,   1,   67,
733103,   20070303,   150,   0,   87,   38,   0,   63,
733103,   20070303,   32,   0,   67,   146,   0,   66,
733103,   20070303,   59,   0,   75,   170,   0,   58,
733103,   20070303,   209,   0,   58,   281,   0,   55,
733103,   20070303,   6,   0,   64,   188,   0,   47,
733103,   20070303,   64,   0,   72,   51,   0,   65,
733103,   20070303,   332,   1,   67,   325,   -1,   51,
733103,   20070303,   210,   0,   79,   40,   0,   59,
733103,   20070303,   192,   0,   77,   229,   0,   52,
733103,   20070303,   76,   0,   63,   18,   0,   62,
733103,   20070303,   96,   0,   64,   108,   0,   61,
733103,   20070303,   26,   1,   62,   23,   -1,   58,
733103,   20070303,   238,   0,   77,   240,   0,   75,
733103,   20070303,   172,   1,   70,   113,   -1,   63,
733103,   20070303,   204,   0,   74,   315,   0,   57,
733103,   20070303,   145,   -1,   76,   84,   1,   72,
733103,   20070303,   219,   1,   96,   173,   -1,   71,
733103,   20070303,   263,   -1,   87,   218,   1,   47,
733104,   20070304,   86,   1,   85,   132,   -1,   72,
733104,   20070304,   143,   1,   86,   247,   -1,   71,
733104,   20070304,   48,   -1,   75,   312,   1,   74,
733104,   20070304,   27,   1,   68,   161,   -1,   64,
733104,   20070304,   167,   1,   91,   3,   -1,   67,
733104,   20070304,   280,   1,   77,   34,   -1,   57,
733104,   20070304,   260,   1,   77,   222,   -1,   64,
733104,   20070304,   2,   -1,   66,   131,   1,   64,
733104,   20070304,   317,   -1,   71,   19,   1,   67,
733104,   20070304,   100,   1,   74,   25,   -1,   60,
733104,   20070304,   182,   1,   76,   77,   -1,   69,
733104,   20070304,   196,   1,   86,   73,   -1,   72,
733104,   20070304,   31,   1,   84,   205,   -1,   65,
733104,   20070304,   309,   0,   72,   156,   0,   63,
733104,   20070304,   164,   0,   63,   251,   0,   60,
733104,   20070304,   109,   1,   55,   8,   -1,   53,
733104,   20070304,   59,   0,   67,   234,   0,   61,
733104,   20070304,   6,   -1,   59,   26,   1,   49,
733104,   20070304,   306,   0,   63,   72,   0,   56,
733104,   20070304,   30,   1,   68,   16,   -1,   47,
733104,   20070304,   198,   0,   77,   294,   0,   71,
733104,   20070304,   41,   1,   74,   177,   -1,   68,
733104,   20070304,   235,   1,   83,   224,   -1,   69,
733104,   20070304,   96,   0,   79,   209,   0,   63,
733104,   20070304,   249,   0,   86,   150,   0,   78,
733104,   20070304,   123,   0,   71,   256,   0,   59,
733104,   20070304,   15,   0,   81,   191,   0,   74,
733104,   20070304,   192,   0,   89,   145,   0,   79,
733104,   20070304,   169,   0,   84,   307,   0,   76,
733104,   20070304,   101,   0,   88,   238,   0,   70,
733104,   20070304,   316,   0,   86,   85,   0,   81,
733104,   20070304,   243,   0,   63,   263,   0,   47,
733105,   20070305,   15,   0,   80,   316,   0,   73,
733105,   20070305,   101,   0,   77,   243,   0,   68,
733105,   20070305,   186,   1,   85,   208,   -1,   73,
733105,   20070305,   192,   0,   83,   249,   0,   79,
733105,   20070305,   198,   0,   59,   164,   0,   52,
733105,   20070305,   204,   0,   83,   169,   0,   79,
733105,   20070305,   210,   0,   75,   123,   0,   54,
733105,   20070305,   306,   0,   65,   96,   0,   59,
733106,   20070306,   214,   -1,   64,   221,   1,   48,
733106,   20070306,   198,   0,   83,   15,   0,   75,
733106,   20070306,   57,   0,   56,   22,   0,   44,
733106,   20070306,   103,   0,   76,   111,   0,   61,
733106,   20070306,   179,   0,   78,   172,   0,   71,
733106,   20070306,   210,   0,   71,   204,   0,   67,
733106,   20070306,   112,   0,   50,   241,   0,   49,
733106,   20070306,   270,   0,   62,   189,   0,   54,
733106,   20070306,   323,   1,   77,   219,   -1,   74,
733106,   20070306,   332,   1,   60,   32,   -1,   55,
733107,   20070307,   213,   0,   71,   61,   0,   54,
733107,   20070307,   36,   0,   70,   212,   0,   51,
733107,   20070307,   41,   1,   74,   235,   -1,   70,
733107,   20070307,   34,   0,   80,   31,   0,   74,
733107,   20070307,   65,   0,   81,   43,   0,   63,
733107,   20070307,   67,   0,   68,   57,   0,   49,
733107,   20070307,   310,   0,   75,   69,   0,   67,
733107,   20070307,   77,   0,   51,   19,   0,   48,
733107,   20070307,   87,   0,   61,   103,   0,   58,
733107,   20070307,   90,   0,   63,   228,   0,   61,
733107,   20070307,   124,   0,   74,   255,   0,   65,
733107,   20070307,   152,   0,   53,   287,   0,   52,
733107,   20070307,   176,   0,   62,   5,   0,   52,
733107,   20070307,   195,   0,   81,   157,   0,   70,
733107,   20070307,   205,   0,   69,   27,   0,   59,
733107,   20070307,   227,   0,   77,   305,   0,   74,
733107,   20070307,   262,   0,   78,   74,   0,   77,
733107,   20070307,   254,   0,   59,   250,   0,   52,
733107,   20070307,   151,   -1,   76,   260,   1,   67,
733107,   20070307,   261,   0,   66,   271,   0,   62,
733107,   20070307,   268,   0,   78,   56,   0,   65,
733107,   20070307,   284,   0,   65,   79,   0,   50,
733107,   20070307,   289,   0,   53,   290,   0,   52,
733107,   20070307,   321,   0,   59,   11,   0,   51,
733107,   20070307,   323,   1,   88,   179,   -1,   80,
733107,   20070307,   324,   0,   92,   222,   0,   79,
733107,   20070307,   317,   0,   67,   182,   0,   62,
733108,   20070308,   333,   0,   67,   1,   0,   62,
733108,   20070308,   2,   0,   82,   34,   0,   53,
733108,   20070308,   286,   0,   74,   7,   0,   64,
733108,   20070308,   14,   0,   82,   252,   0,   52,
733108,   20070308,   98,   0,   80,   17,   0,   65,
733108,   20070308,   33,   0,   77,   270,   0,   64,
733108,   20070308,   60,   0,   100,   213,   0,   92,
733108,   20070308,   89,   0,   67,   48,   0,   66,
733108,   20070308,   185,   0,   85,   73,   0,   80,
733108,   20070308,   24,   0,   78,   91,   0,   73,
733108,   20070308,   93,   0,   58,   261,   0,   48,
733108,   20070308,   97,   0,   62,   310,   0,   57,
733108,   20070308,   320,   0,   114,   100,   0,   112,
733108,   20070308,   13,   0,   51,   102,   0,   48,
733108,   20070308,   110,   0,   62,   254,   0,   59,
733108,   20070308,   115,   0,   66,   215,   0,   60,
733108,   20070308,   207,   0,   68,   121,   0,   63,
733108,   20070308,   131,   0,   75,   317,   0,   66,
733108,   20070308,   132,   0,   79,   3,   0,   67,
733108,   20070308,   143,   0,   82,   324,   0,   71,
733108,   20070308,   160,   0,   67,   153,   0,   62,
733108,   20070308,   262,   0,   74,   154,   0,   71,
733108,   20070308,   155,   0,   77,   300,   0,   76,
733108,   20070308,   158,   1,   92,   152,   -1,   71,
733108,   20070308,   161,   0,   70,   205,   0,   51,
733108,   20070308,   162,   0,   49,   165,   0,   40,
733108,   20070308,   163,   0,   62,   201,   0,   57,
733108,   20070308,   20,   0,   97,   168,   0,   83,
733108,   20070308,   187,   0,   88,   112,   0,   56,
733108,   20070308,   190,   1,   77,   142,   -1,   70,
733108,   20070308,   184,   0,   81,   195,   0,   66,
733108,   20070308,   202,   0,   85,   248,   0,   76,
733108,   20070308,   203,   0,   89,   268,   0,   83,
733108,   20070308,   208,   0,   54,   186,   0,   39,
733108,   20070308,   211,   0,   69,   10,   0,   50,
733108,   20070308,   217,   0,   89,   151,   0,   79,
733108,   20070308,   226,   0,   73,   90,   0,   69,
733108,   20070308,   135,   0,   99,   236,   0,   98,
733108,   20070308,   54,   0,   69,   239,   0,   64,
733108,   20070308,   175,   0,   66,   232,   0,   64,
733108,   20070308,   147,   0,   76,   272,   0,   67,
733108,   20070308,   269,   0,   80,   245,   0,   72,
733108,   20070308,   278,   0,   81,   53,   0,   71,
733108,   20070308,   280,   0,   62,   77,   0,   54,
733108,   20070308,   283,   0,   58,   284,   0,   56,
733108,   20070308,   289,   0,   70,   242,   0,   52,
733108,   20070308,   227,   0,   53,   291,   0,   51,
733108,   20070308,   36,   0,   76,   292,   0,   69,
733108,   20070308,   298,   1,   80,   302,   -1,   54,
733108,   20070308,   299,   0,   83,   265,   0,   79,
733108,   20070308,   303,   0,   73,   106,   0,   70,
733108,   20070308,   322,   0,   74,   321,   0,   64,
733108,   20070308,   334,   0,   72,   65,   0,   51,
733109,   20070309,   2,   0,   61,   131,   0,   54,
733109,   20070309,   25,   0,   74,   160,   0,   71,
733109,   20070309,   33,   0,   96,   333,   0,   84,
733109,   20070309,   35,   0,   81,   60,   0,   56,
733109,   20070309,   67,   0,   56,   175,   0,   53,
733109,   20070309,   86,   0,   74,   98,   0,   57,
733109,   20070309,   87,   0,   74,   184,   0,   66,
733109,   20070309,   93,   0,   60,   262,   0,   40,
733109,   20070309,   97,   0,   84,   203,   0,   82,
733109,   20070309,   109,   1,   74,   30,   -1,   66,
733109,   20070309,   110,   0,   77,   227,   0,   62,
733109,   20070309,   115,   0,   58,   117,   0,   54,
733109,   20070309,   223,   0,   74,   120,   0,   55,
733109,   20070309,   124,   0,   64,   13,   0,   62,
733109,   20070309,   128,   0,   64,   207,   0,   47,
733109,   20070309,   129,   0,   66,   278,   0,   45,
733109,   20070309,   139,   0,   77,   289,   0,   63,
733109,   20070309,   217,   0,   65,   143,   0,   59,
733109,   20070309,   158,   1,   71,   283,   -1,   49,
733109,   20070309,   166,   0,   80,   147,   0,   60,
733109,   20070309,   167,   0,   84,   132,   0,   82,
733109,   20070309,   176,   0,   54,   286,   0,   50,
733109,   20070309,   303,   0,   79,   187,   0,   77,
733109,   20070309,   190,   1,   88,   24,   -1,   69,
733109,   20070309,   196,   0,   73,   89,   0,   58,
733109,   20070309,   202,   0,   78,   135,   0,   65,
733109,   20070309,   206,   0,   72,   162,   0,   62,
733109,   20070309,   211,   0,   81,   36,   0,   63,
733109,   20070309,   275,   0,   74,   20,   0,   69,
733109,   20070309,   208,   0,   57,   276,   0,   56,
733109,   20070309,   269,   0,   87,   155,   0,   66,
733109,   20070309,   161,   0,   58,   280,   0,   53,
733109,   20070309,   298,   1,   88,   54,   -1,   72,
733109,   20070309,   14,   0,   72,   308,   0,   71,
733109,   20070309,   185,   0,   79,   311,   0,   71,
733109,   20070309,   312,   0,   71,   320,   0,   52,
733109,   20070309,   299,   0,   70,   322,   0,   61,
733109,   20070309,   330,   0,   70,   163,   0,   57,
733109,   20070309,   226,   0,   79,   334,   0,   71,
733110,   20070310,   161,   0,   53,   2,   0,   52,
733110,   20070310,   87,   0,   58,   67,   0,   56,
733110,   20070310,   86,   0,   80,   166,   0,   59,
733110,   20070310,   93,   0,   78,   226,   0,   69,
733110,   20070310,   97,   0,   65,   217,   0,   42,
733110,   20070310,   128,   0,   67,   129,   0,   61,
733110,   20070310,   139,   0,   94,   35,   0,   83,
733110,   20070310,   158,   1,   71,   110,   -1,   59,
733110,   20070310,   14,   0,   81,   167,   0,   72,
733110,   20070310,   124,   0,   81,   176,   0,   71,
733110,   20070310,   190,   1,   72,   303,   -1,   70,
733110,   20070310,   196,   0,   71,   25,   0,   56,
733110,   20070310,   206,   0,   63,   223,   0,   52,
733110,   20070310,   275,   0,   69,   208,   0,   64,
733110,   20070310,   298,   1,   78,   33,   -1,   70,
733110,   20070310,   211,   0,   81,   299,   0,   57,
733110,   20070310,   6,   -1,   60,   309,   1,   59,
733110,   20070310,   185,   0,   72,   312,   0,   64,
733110,   20070310,   330,   0,   53,   115,   0,   41,
733111,   20070311,   86,   0,   77,   14,   0,   56,
733111,   20070311,   128,   0,   88,   275,   0,   84,
733111,   20070311,   196,   0,   89,   185,   0,   80,
733111,   20070311,   206,   0,   66,   330,   0,   49,
733111,   20070311,   269,   0,   81,   202,   0,   78,
733113,   20070313,   192,   0,   77,   87,   0,   69,
733113,   20070313,   185,   -1,   63,   72,   1,   56,
733113,   20070313,   89,   1,   77,   280,   -1,   61,
733113,   20070313,   154,   1,   89,   3,   -1,   87,
733113,   20070313,   162,   1,   68,   303,   -1,   58,
733113,   20070313,   167,   1,   82,   176,   -1,   63,
733113,   20070313,   150,   -1,   67,   208,   1,   64,
733113,   20070313,   324,   1,   74,   67,   -1,   50,
733114,   20070314,   1,   1,   75,   18,   -1,   51,
733114,   20070314,   28,   1,   90,   222,   -1,   78,
733114,   20070314,   48,   1,   64,   81,   -1,   57,
733114,   20070314,   69,   1,   83,   108,   -1,   71,
733114,   20070314,   98,   1,   88,   91,   -1,   78,
733114,   20070314,   129,   1,   59,   309,   -1,   57,
733114,   20070314,   166,   1,   73,   9,   -1,   59,
733114,   20070314,   239,   -1,   74,   170,   1,   70,
733114,   20070314,   268,   1,   79,   251,   -1,   73,
733115,   20070315,   32,   0,   57,   209,   0,   46,
733115,   20070315,   153,   0,   82,   64,   0,   70,
733115,   20070315,   306,   0,   79,   73,   0,   77,
733115,   20070315,   117,   0,   70,   101,   0,   57,
733115,   20070315,   217,   0,   79,   332,   0,   58,
733115,   20070315,   292,   0,   70,   323,   0,   42,
733115,   20070315,   25,   0,   84,   278,   0,   75,
733115,   20070315,   97,   0,   80,   21,   0,   55,
733115,   20070315,   163,   0,   61,   151,   0,   49,
733115,   20070315,   196,   0,   86,   76,   0,   65,
733115,   20070315,   308,   0,   77,   93,   0,   44,
733115,   20070315,   322,   0,   70,   210,   0,   54,
733115,   20070315,   334,   0,   79,   33,   0,   77,
733115,   20070315,   143,   0,   78,   265,   0,   58,
733115,   20070315,   206,   0,   78,   41,   0,   57,
733115,   20070315,   276,   0,   68,   214,   0,   52,
733115,   20070315,   89,   1,   87,   162,   -1,   66,
733115,   20070315,   324,   1,   90,   154,   -1,   77,
733116,   20070316,   223,   0,   72,   10,   0,   63,
733116,   20070316,   86,   0,   112,   124,   0,   69,
733116,   20070316,   329,   0,   74,   203,   0,   64,
733116,   20070316,   211,   0,   58,   161,   0,   56,
733116,   20070316,   298,   0,   67,   100,   0,   63,
733116,   20070316,   330,   0,   76,   269,   0,   63,
733116,   20070316,   128,   0,   107,   192,   0,   67,
733116,   20070316,   132,   0,   67,   310,   0,   58,
733116,   20070316,   234,   0,   61,   109,   0,   51,
733116,   20070316,   312,   0,   54,   115,   0,   52,
733116,   20070316,   275,   0,   79,   190,   0,   67,
733116,   20070316,   299,   0,   77,   14,   0,   60,
733116,   20070316,   158,   0,   73,   198,   0,   58,
733116,   20070316,   187,   0,   77,   59,   0,   71,
733116,   20070316,   272,   0,   121,   139,   0,   86,
733116,   20070316,   311,   0,   84,   6,   0,   57,
733116,   20070316,   185,   1,   69,   150,   -1,   62,
733117,   20070317,   32,   0,   62,   153,   0,   59,
733117,   20070317,   217,   0,   84,   306,   0,   79,
733117,   20070317,   97,   0,   62,   25,   0,   55,
733117,   20070317,   196,   0,   81,   163,   0,   67,
733117,   20070317,   276,   0,   72,   143,   0,   69,
733117,   20070317,   206,   0,   78,   334,   0,   71,
733117,   20070317,   308,   0,   78,   322,   0,   74,
733117,   20070317,   292,   0,   54,   117,   0,   49,
733117,   20070317,   167,   1,   101,   28,   -1,   72,
733118,   20070318,   272,   0,   77,   311,   0,   74,
733118,   20070318,   234,   0,   63,   312,   0,   48,
733118,   20070318,   298,   0,   74,   330,   0,   68,
733118,   20070318,   128,   0,   88,   132,   0,   76,
733118,   20070318,   158,   0,   78,   187,   0,   62,
733118,   20070318,   86,   0,   74,   223,   0,   67,
733118,   20070318,   211,   0,   75,   329,   0,   61,
733118,   20070318,   299,   0,   87,   275,   0,   68,
733119,   20070319,   48,   1,   89,   166,   -1,   68,
733119,   20070319,   268,   1,   80,   239,   -1,   64,
733119,   20070319,   69,   -1,   70,   129,   1,   65,
733119,   20070319,   1,   1,   83,   98,   -1,   52,
733120,   20070320,   324,   1,   71,   185,   -1,   66,
733120,   20070320,   167,   1,   86,   89,   -1,   71,
733121,   20070321,   48,   1,   74,   268,   -1,   70,
733121,   20070321,   1,   1,   52,   69,   -1,   51,
733122,   20070322,   158,   0,   65,   276,   0,   64,
733122,   20070322,   206,   0,   85,   272,   0,   84,
733122,   20070322,   128,   0,   61,   234,   0,   58,
733122,   20070322,   292,   0,   64,   217,   0,   55,
733123,   20070323,   97,   0,   66,   308,   0,   65,
733123,   20070323,   196,   0,   74,   299,   0,   64,
733123,   20070323,   211,   0,   76,   298,   0,   72,
733123,   20070323,   86,   0,   65,   32,   0,   57,
733124,   20070324,   206,   0,   92,   158,   0,   76,
733124,   20070324,   292,   0,   68,   128,   0,   55,
733125,   20070325,   86,   0,   85,   211,   0,   77,
733125,   20070325,   97,   0,   96,   196,   0,   84,
733127,   20070327,   324,   0,   63,   167,   0,   62,
733127,   20070327,   48,   0,   68,   1,   0,   67,
733129,   20070329,   324,   0,   78,   48,   0,   73,
733131,   20070331,   206,   0,   67,   97,   0,   60,
733131,   20070331,   86,   0,   76,   292,   0,   66,
733133,   20070402,   86,   0,   84,   206,   0,   75,